NAME,Id,FPL,layer,theta,x_pos,y_pos,z_pos,toff,tcal,qped,qcal,adc_geo,adc_ch,tdc_geo,tdc_ch,,,,,,,,
NaI0,0,8,1,125.95,-4.17,-24.86,-18.28,583.496,0.0977,0,0,5,0,22,0,,,,,,,,
NaI1,1,8,1,125.85,11.32,-22.61,-18.27,585.237,0.0977,0,0,5,1,22,1,,,,,,,,
NaI2,2,8,1,125.76,22.42,-11.7,-18.22,1211.34,0.0977,-347.227222,3.966117,5,2,22,2,,,,,,,,
NaI3,3,8,1,125.75,25.05,3.75,-18.24,1212.95,0.0977,-990.165492,9.996892,5,3,22,3,,,,,,,,
NaI4,4,8,1,125.9,18.05,17.6,-18.25,1212.49,0.0977,-253.960793,3.169943,5,4,22,4,,,,,,,,
NaI5,5,8,1,125.73,4.06,25.05,-18.26,1210.84,0.0977,-359.228,3.332,5,5,22,5,,,,,,,,
NaI6,6,8,1,125.85,-11.27,22.55,-18.22,1213.05,0.0977,-290.49569,3.35912,5,6,22,6,,,,,,,,
NaI7,7,8,1,125.89,-22.35,11.72,-18.26,1214.12,0.0977,-351.298808,3.586692,5,7,22,7,,,,,,,,
NaI8,8,8,1,125.88,-24.96,-3.75,-18.26,1214.74,0.0977,-279.451514,3.573198,5,8,22,8,,,,,,,,
NaI9,9,8,1,125.84,-18.04,-17.77,-18.29,1214.14,0.0977,-282.84941,3.40219,5,9,22,9,,,,,,,,
NaI10,10,8,2,117.31,4.46,-25.19,-13.21,1214.18,0.0977,-266.08568,3.238344,5,10,22,10,,,,,,,,
NaI11,11,8,2,117.25,18.62,-17.68,-13.22,1212.24,0.0977,-257.279804,3.366036,5,11,22,11,,,,,,,,
NaI12,12,8,2,117.23,25.42,-3.44,-13.2,1213.75,0.0977,-307.246,3.249,5,12,22,12,,,,,,,,
NaI13,13,8,2,117.13,22.64,12.26,-13.19,1214.34,0.0977,-250.340573,3.214341,5,13,22,13,,,,,,,,
NaI14,14,8,2,117.2,11.06,23.18,-13.2,1213.12,0.0977,-494.493696,3.199373,5,14,22,14,,,,,,,,
NaI15,15,8,2,117.2,-4.71,25.25,-13.2,1210.78,0.0977,-309.51514,3.02428,5,15,22,15,,,,,,,,
NaI16,16,8,2,117.21,-18.68,17.65,-13.21,1213.38,0.0977,-400.527777,3.829621,5,16,22,16,,,,,,,,
NaI17,17,8,2,117.29,-25.34,3.45,-13.19,1208.73,0.0977,-330.103822,3.289146,5,17,22,17,,,,,,,,
NaI18,18,8,2,117.16,-22.67,-12.23,-13.21,1213.11,0.0977,-361.338858,3.211278,5,18,22,18,,,,,,,,
NaI19,19,8,2,117.17,-11.17,-23.15,-13.2,1210.8,0.0977,-431.430748,3.588668,5,19,22,19,,,,,,,,
NaI20,20,8,3,105.17,-0.63,-30.53,-8.28,1211.58,0.0977,-341.822344,3.288425,5,20,22,20,,,,,,,,
NaI21,21,8,3,105.19,14.54,-26.76,-8.27,1207.3,0.0977,-287.253888,3.254356,5,21,22,21,,,,,,,,
NaI22,22,8,3,105.26,25.93,-15.9,-8.3,1211.36,0.0977,-302.011714,3.183354,5,22,22,22,,,,,,,,
NaI23,23,8,3,105.19,30.46,-0.76,-8.27,1211.32,0.0977,-358.781737,3.204411,5,23,22,23,,,,,,,,
NaI24,24,8,3,105.3,26.72,14.5,-8.31,1210.51,0.0977,-298.2837,3.17016,5,24,22,24,,,,,,,,
NaI25,25,8,3,105.25,15.88,25.93,-8.29,1211.87,0.0977,-304.253028,2.978537,5,25,22,25,,,,,,,,
NaI26,26,8,3,105.18,0.7,30.51,-8.28,1212.16,0.0977,-262.69378,3.237676,5,26,22,26,,,,,,,,
NaI27,27,8,3,105.2,-14.53,26.81,-8.28,1213.64,0.0977,-348.350926,3.295179,5,27,22,27,,,,,,,,
NaI28,28,8,3,105.15,-25.99,15.96,-8.26,1212.99,0.0977,-344.527302,3.242239,5,28,22,28,,,,,,,,
NaI29,29,8,3,105.24,-30.42,0.67,-8.29,1209.89,0.0977,-283.738786,3.368534,5,29,22,29,,,,,,,,
NaI30,30,8,3,105.25,-26.72,-14.53,-8.29,1213.02,0.0977,-366.955954,3.277139,5,30,22,30,,,,,,,,
NaI31,31,8,3,105.26,-15.99,-25.86,-8.3,1212.85,0.0977,-253.634866,3.028866,5,31,22,31,,,,,,,,
NaI32,32,8,4,95.73,-0.73,-33.72,-3.39,1207.17,0.0977,-388.940348,3.751848,12,13,20,13,,,,,,,,
NaI33,33,8,4,95.72,13.75,-30.72,-3.37,1204.37,0.0977,-286.492576,3.086496,6,1,22,33,,,,,,,,
NaI34,34,8,4,95.7,25.81,-21.63,-3.36,1205.53,0.0977,-290.438066,3.337835,6,2,22,34,,,,,,,,
NaI35,35,8,4,95.76,32.56,-8.33,-3.39,1207.4,0.0977,-349.45292,3.35984,6,3,22,35,,,,,,,,
NaI36,36,8,4,95.71,33,6.74,-3.36,1207.01,0.0977,-270.302227,3.363425,6,4,22,36,,,,,,,,
NaI37,37,8,4,95.75,26.83,20.26,-3.38,1206.52,0.0977,-299.013085,3.40765,6,5,22,37,,,,,,,,
NaI38,38,8,4,95.76,15.35,29.96,-3.39,1205.68,0.0977,-214.72979,3.212266,6,6,22,38,,,,,,,,
NaI39,39,8,4,95.74,0.8,33.68,-3.39,1205.77,0.0977,-310.806365,3.378025,6,7,22,39,,,,,,,,
NaI40,40,8,4,95.72,-13.79,30.68,-3.37,1208.12,0.0977,-339.546458,3.581776,6,8,22,40,,,,,,,,
NaI41,41,8,4,95.75,-25.75,21.69,-3.39,1209.51,0.0977,-271.823696,2.990016,6,9,22,41,,,,,,,,
NaI42,42,8,4,95.74,-32.69,8.26,-3.39,1213.96,0.0977,-262.268356,2.839419,6,10,22,42,,,,,,,,
NaI43,43,8,4,95.67,-33.02,-6.66,-3.34,1211.74,0.0977,-282.582241,3.170592,6,11,22,43,,,,,,,,
NaI44,44,8,4,95.79,-26.83,-20.1,-3.4,1209.53,0.0977,-359.096528,3.166884,6,12,22,44,,,,,,,,
NaI45,45,8,4,95.7,-15.36,-29.9,-3.35,1211.14,0.0977,-277.892758,3.191604,6,13,22,45,,,,,,,,
NaI46,46,8,5,87.36,7.77,-39.07,1.84,1206.02,0.0977,-322.005058,2.967252,6,14,22,46,,,,,,,,
NaI47,47,8,5,87.16,22.38,-30.21,1.87,1206.76,0.0977,-248.198386,2.736916,6,15,22,47,,,,,,,,
NaI48,48,8,5,87.13,31.03,-21.63,1.9,1205.98,0.0977,-330.981864,3.140928,6,16,22,48,,,,,,,,
NaI49,49,8,5,87.13,35.34,-12.93,1.89,1203.09,0.0977,-288.488509,3.135411,6,17,22,49,,,,,,,,
NaI50,50,8,5,87.21,36.96,-4.43,1.81,1210.3,0.0977,-275.464784,3.151683,6,18,22,50,,,,,,,,
NaI51,51,8,5,87.14,36.79,4.38,1.85,1209.69,0.0977,-348.84763,2.993955,6,19,22,51,,,,,,,,
NaI52,52,8,5,87.13,35.36,12.98,1.89,1205.42,0.0977,-341.455553,3.254139,6,20,22,52,,,,,,,,
NaI53,53,8,5,87.13,30.91,21.6,1.89,1204.52,0.0977,-303.16665,2.949198,6,21,22,53,,,,,,,,
NaI54,54,8,5,87.16,22.34,30.19,1.86,1206.09,0.0977,-390.562835,3.255435,6,22,22,54,,,,,,,,
NaI55,55,8,5,87.34,7.92,39.04,1.85,1208.32,0.0977,-195.92637,2.87892,6,23,22,55,,,,,,,,
NaI56,56,8,5,87.35,-7.9,39.01,1.84,1205.39,0.0977,-295.71504,3.22056,6,24,22,56,,,,,,,,
NaI57,57,8,5,87.18,-22.22,30.15,1.84,1205.58,0.0977,-323.243914,3.276224,6,25,22,57,,,,,,,,
NaI58,58,8,5,87.19,-30.95,21.56,1.85,1205.66,0.0977,-286.634792,3.16728,6,26,22,58,,,,,,,,
NaI59,59,8,5,87.21,-35.32,12.98,1.83,1205.09,0.0977,-312.859565,2.94264,6,27,22,59,,,,,,,,
NaI60,60,8,5,87.16,-36.89,4.35,1.85,1212.09,0.0977,-312.68762,3.219313,6,28,22,60,,,,,,,,
NaI61,61,8,5,87.17,-36.88,-4.36,1.83,1211.64,0.0977,-306.00125,3.171065,6,29,22,61,,,,,,,,
NaI62,62,8,5,87.15,-35.25,-12.95,1.87,1206.08,0.0977,-347.691365,3.356331,6,30,22,62,,,,,,,,
NaI63,63,8,5,87.23,-31.07,-21.54,1.83,1208.49,0.0977,-235.675465,2.8457,6,31,22,63,,,,,,,,
NaI64,64,8,5,87.16,-22.38,-30.24,1.86,1203.89,0.0977,-321.303396,3.556553,7,0,22,64,,,,,,,,
NaI65,65,8,5,87.34,-7.89,-39.08,1.85,1206.67,0.0977,-318.273176,3.303288,7,1,22,65,,,,,,,,
NaI66,66,8,6,78.89,7.97,-38.95,7.81,1206.56,0.0977,-300.580845,3.046869,7,2,22,66,,,,,,,,
NaI67,67,8,6,78.19,22.14,-30.13,7.82,1204.02,0.0977,-332.852268,3.334318,7,3,22,67,,,,,,,,
NaI68,68,8,6,78.25,30.84,-21.52,7.82,1205.8,0.0977,-269.020842,3.241152,7,4,22,68,,,,,,,,
NaI69,69,8,6,78.36,35.35,-12.96,7.76,1205.64,0.0977,-267.360798,3.010966,7,5,22,69,,,,,,,,
NaI70,70,8,6,78.3,37.26,-4.35,7.77,1206.06,0.0977,-291.03364,3.187176,7,6,22,70,,,,,,,,
NaI71,71,8,6,78.31,37.19,4.36,7.75,1202.91,0.0977,-294.22232,3.26304,7,7,22,71,,,,,,,,
NaI72,72,8,6,78.28,35.29,12.92,7.79,1120.11,0.0977,-325.132103,3.299039,7,8,22,72,,,,,,,,
NaI73,73,8,6,78.35,30.92,21.53,7.77,1208.17,0.0977,-357.763426,3.32976,7,9,22,73,,,,,,,,
NaI74,74,8,6,78.19,22.14,30.19,7.83,1207.91,0.0977,-254.748935,3.33524,7,10,22,74,,,,,,,,
NaI75,75,8,6,78.89,7.84,39.04,7.82,1205.69,0.0977,-306.719832,3.148544,7,11,22,75,,,,,,,,
NaI76,76,8,6,78.86,-7.84,39,7.83,1207.84,0.0977,-295.467703,3.208205,7,12,22,76,,,,,,,,
NaI77,77,8,6,78.19,-22.18,30.19,7.83,1207.14,0.0977,-286.188941,3.327778,7,13,22,77,,,,,,,,
NaI78,78,8,6,78.2,-30.76,21.57,7.85,1206.22,0.0977,-356.7177,3.355035,7,14,22,78,,,,,,,,
NaI79,79,8,6,78.29,-35.21,13.01,7.78,1207.13,0.0977,-419.80806,3.144528,7,15,22,79,,,,,,,,
NaI80,80,8,6,78.29,-37.24,4.35,7.77,1202.71,0.0977,-343.42092,3.581822,7,16,22,80,,,,,,,,
NaI81,81,8,6,78.24,-37.26,-4.37,7.81,1198.76,0.0977,-400.883224,3.387396,7,17,22,81,,,,,,,,
NaI82,82,8,6,78.27,-35.23,-12.97,7.8,1202.78,0.0977,-342.716842,3.644898,7,18,22,82,,,,,,,,
NaI83,83,8,6,78.3,-30.89,-21.51,7.8,1206.71,0.0977,-404.062073,3.357896,7,19,22,83,,,,,,,,
NaI84,84,8,6,78.21,-22.12,-30.17,7.81,1202.72,0.0977,-328.416996,3.522014,7,20,22,84,,,,,,,,
NaI85,85,8,6,78.86,-7.84,-38.98,7.83,1206.76,0.0977,-385.4122,3.160308,7,21,22,85,,,,,,,,
NaI86,86,8,7,70.93,7.74,-38.99,13.75,1204.69,0.0977,-303.915072,3.219072,7,22,22,86,,,,,,,,
NaI87,87,8,7,69.78,21.96,-30.15,13.74,1205.58,0.0977,-397.70624,3.305855,7,23,22,87,,,,,,,,
NaI88,88,8,7,69.84,30.64,-21.51,13.74,1206.81,0.0977,-359.336355,3.20716,7,24,22,88,,,,,,,,
NaI89,89,8,7,69.93,35.14,-12.99,13.69,1205.36,0.0977,-350.882992,3.415024,7,25,22,89,,,,,,,,
NaI90,90,8,7,69.84,37.11,-4.37,13.72,1206.27,0.0977,-301.13154,3.34553,7,26,22,90,,,,,,,,
NaI91,91,8,7,69.84,37.12,4.3,13.72,1206.36,0.0977,-336.773336,3.216928,7,27,22,91,,,,,,,,
NaI92,92,8,7,69.88,35.04,12.92,13.68,1205.5,0.0977,-310.192951,3.089169,7,28,22,92,,,,,,,,
NaI93,93,8,7,69.88,30.64,21.55,13.72,1209.21,0.0977,-396.253392,3.110508,7,29,22,93,,,,,,,,
NaI94,94,8,7,69.81,21.93,30.21,13.73,1207.18,0.0977,-484.876515,3.319281,7,30,22,94,,,,,,,,
NaI95,95,8,7,70.9,7.85,38.97,13.76,1209.35,0.0977,-373.835949,3.350646,7,31,22,95,,,,,,,,
NaI96,96,8,7,70.9,-7.8,38.97,13.76,1204.97,0.0977,-275.465704,3.320352,8,0,22,96,,,,,,,,
NaI97,97,8,7,69.79,-22,30.18,13.75,1204.28,0.0977,-206.67796,3.272856,8,1,22,97,,,,,,,,
NaI98,98,8,7,69.89,-30.68,21.55,13.73,1203.81,0.0977,-179.010912,3.072842,8,2,22,98,,,,,,,,
NaI99,99,8,7,69.85,-35.14,12.95,13.74,1203.84,0.0977,-198.132376,3.476034,8,3,22,99,,,,,,,,
NaI100,100,8,7,69.83,-37.16,4.34,13.74,1202.65,0.0977,-205.477696,3.437696,8,4,22,100,,,,,,,,
NaI101,101,8,7,69.88,-37.18,-4.33,13.71,1206.58,0.0977,-388.60737,3.397161,8,5,22,101,,,,,,,,
NaI102,102,8,7,69.92,-35.21,-12.96,13.72,1203.01,0.0977,-314.987614,3.266336,8,6,22,102,,,,,,,,
NaI103,103,8,7,69.91,-30.67,-21.57,13.71,1205.75,0.0977,-300.356887,3.395782,8,7,22,103,,,,,,,,
NaI104,104,8,7,69.78,-22.03,-30.12,13.74,1204.43,0.0977,-217.055968,3.515016,8,8,22,104,,,,,,,,
NaI105,105,8,7,70.89,-7.88,-38.98,13.78,1207.84,0.0977,-259.126176,3.393788,8,9,22,105,,,,,,,,
NaI106,106,8,8,59.89,3.42,-35.14,20.47,1202.88,0.0977,-327.744663,3.15684,8,10,22,106,,,,,,,,
NaI107,107,8,8,59.96,10.23,-33.98,20.52,1202.76,0.0977,-238.740743,3.139136,8,11,22,107,,,,,,,,
NaI108,108,8,8,59.86,17.05,-31.04,20.56,1203.99,0.0977,-330.636572,3.271548,8,12,22,108,,,,,,,,
NaI109,109,8,8,59.78,23.89,-25.98,20.56,1188.56,0.0977,-340.075425,3.677007,8,13,22,109,,,,,,,,
NaI110,110,8,8,59.83,30.97,-17.07,20.56,1189.93,0.0977,0,0,8,14,22,110,,,,,,,,
NaI111,111,8,8,59.76,33.78,-10.24,20.58,1182.96,0.0977,0,0,8,15,22,111,,,,,,,,
NaI112,112,8,8,59.68,34.96,-3.42,20.54,1191.09,0.0977,0,0,8,16,21,0,,,,,,,,
NaI113,113,8,8,59.78,35.03,3.46,20.5,1187.69,0.0977,0,0,8,17,21,1,,,,,,,,
NaI114,114,8,8,59.84,33.86,10.2,20.55,1196.39,0.0977,0,0,8,18,21,2,,,,,,,,
NaI115,115,8,8,59.82,30.97,17.11,20.58,1192.61,0.0977,0,0,8,19,21,3,,,,,,,,
NaI116,116,8,8,59.7,23.9,25.99,20.63,1187.34,0.0977,0,0,8,20,21,4,,,,,,,,
NaI117,117,8,8,59.88,17.08,31.01,20.54,1193.52,0.0977,0,0,8,21,21,5,,,,,,,,
NaI118,118,8,8,59.97,10.26,33.96,20.51,1199.98,0.0977,-376.737412,3.174444,8,22,21,6,,,,,,,,
NaI119,119,8,8,59.83,3.4,35.09,20.5,1204.28,0.0977,-245.04376,3.0888,8,23,21,7,,,,,,,,
NaI120,120,8,8,59.9,-3.46,35.16,20.48,1205.88,0.0977,-274.000872,3.21048,8,24,21,8,,,,,,,,
NaI121,121,8,8,59.97,-10.26,33.98,20.52,1198.56,0.0977,-300.617503,3.566815,8,25,21,9,,,,,,,,
NaI122,122,8,8,59.92,-17.02,31.06,20.52,1202.58,0.0977,0,0,8,26,21,10,,,,,,,,
NaI123,123,8,8,59.71,-23.89,25.91,20.59,1188.96,0.0977,0,0,8,27,21,11,,,,,,,,
NaI124,124,8,8,59.79,-30.98,17.06,20.59,1191.5,0.0977,0,0,8,28,21,12,,,,,,,,
NaI125,125,8,8,59.75,-33.78,10.18,20.58,1193.49,0.0977,0,0,8,29,21,13,,,,,,,,
NaI126,126,8,8,59.77,-35.02,3.44,20.51,1197.84,0.0977,0,0,12,6,20,6,,,,,,,,
NaI127,127,8,8,59.79,-35.02,-3.46,20.48,1197.33,0.0977,0,0,8,31,21,15,,,,,,,,
NaI128,128,8,8,59.8,-33.79,-10.25,20.55,1194.3,0.0977,0,0,9,0,21,16,,,,,,,,
NaI129,129,8,8,59.83,-31.02,-17.04,20.57,1192.59,0.0977,0,0,9,1,21,17,,,,,,,,
NaI130,130,8,8,59.73,-23.89,-25.94,20.58,1189.45,0.0977,0,0,9,2,21,18,,,,,,,,
NaI131,131,8,8,59.84,-17.05,-30.99,20.55,1199.72,0.0977,0,0,9,3,21,19,,,,,,,,
NaI132,132,8,8,59.88,-10.24,-33.91,20.55,1203.01,0.0977,-378.716604,3.382912,9,4,21,20,,,,,,,,
NaI133,133,8,8,59.82,-3.47,-35.06,20.49,1200.81,0.0977,-332.440848,3.657743,9,5,21,21,,,,,,,,
NaI134,134,8,9,47.84,3.41,-30.67,27.94,1198.88,0.0977,-380.376,3.435,9,6,21,22,,,,,,,,
NaI135,135,8,9,47.83,10.21,-29.13,27.96,1199.25,0.0977,-234.993608,3.14496,9,7,21,23,,,,,,,,
NaI136,136,8,9,47.66,17.02,-25.58,28,1194.62,0.0977,-326.633912,3.224079,9,8,21,24,,,,,,,,
NaI137,137,8,9,51.59,25.96,-23.92,27.99,1193.43,0.0977,-282.96469,2.975685,9,9,21,25,,,,,,,,
NaI138,138,8,9,47.76,25.67,-17.04,27.97,1200.72,0.0977,-306.852716,3.123234,9,10,21,26,,,,,,,,
NaI139,139,8,9,47.81,29.1,-10.21,27.96,1199.95,0.0977,-231.676905,3.323535,9,11,21,27,,,,,,,,
NaI140,140,8,9,47.86,30.7,-3.42,27.96,1193.99,0.0977,-414.44889,3.169648,9,12,21,28,,,,,,,,
NaI141,141,8,9,47.87,30.67,3.44,27.92,1193.49,0.0977,-349.342664,3.066684,9,13,21,29,,,,,,,,
NaI142,142,8,9,47.89,29.16,10.25,27.94,1203.25,0.0977,-327.137449,3.563636,9,14,21,30,,,,,,,,
NaI143,143,8,9,47.72,25.63,17.01,27.97,1195.54,0.0977,-232.011795,3.327555,9,15,21,31,,,,,,,,
NaI144,144,8,9,51.64,25.92,23.95,27.93,1195.09,0.0977,-364.452706,3.72138,9,16,21,32,,,,,,,,
NaI145,145,8,9,47.75,17.02,25.65,27.96,1194.54,0.0977,-227.535765,3.001935,9,17,21,33,,,,,,,,
NaI146,146,8,9,47.79,10.2,29.11,27.98,1199.42,0.0977,-374.987784,3.221554,9,18,21,34,,,,,,,,
NaI147,147,8,9,47.86,3.42,30.69,27.94,1198.11,0.0977,-309.55059,3.16776,9,19,21,35,,,,,,,,
NaI148,148,8,9,47.9,-3.39,30.71,27.92,1194.04,0.0977,-212.899688,3.093714,9,20,21,36,,,,,,,,
NaI149,149,8,9,47.91,-10.21,29.21,27.95,1200.48,0.0977,-189.225872,3.05308,9,21,21,37,,,,,,,,
NaI150,150,8,9,47.76,-17.02,25.66,27.96,1200.98,0.0977,-239.834864,2.801386,9,22,21,38,,,,,,,,
NaI151,151,8,9,51.61,-25.9,23.92,27.93,1193.71,0.0977,-247.397456,3.035078,9,23,21,39,,,,,,,,
NaI152,152,8,9,47.77,-25.65,17.05,27.96,1196.15,0.0977,-370.456,3.127,9,24,21,40,,,,,,,,
NaI153,153,8,9,47.85,-29.13,10.24,27.94,1197.69,0.0977,-275.534832,2.903568,9,25,21,41,,,,,,,,
NaI154,154,8,9,47.88,-30.68,3.43,27.92,1198.37,0.0977,-383.124128,3.51597,12,7,20,7,,,,,,,,
NaI155,155,8,9,47.95,-30.75,-3.47,27.92,1202.72,0.0977,-331.389106,3.469694,9,27,21,43,,,,,,,,
NaI156,156,8,9,47.87,-29.16,-10.23,27.96,1200.33,0.0977,-264.556144,2.863716,9,28,21,44,,,,,,,,
NaI157,157,8,9,47.82,-25.75,-17.03,27.97,1202.02,0.0977,-234.37751,3.124242,9,29,21,45,,,,,,,,
NaI158,158,8,9,51.63,-25.99,-23.91,27.97,1193.39,0.0977,-441.744656,3.657024,12,8,20,8,,,,,,,,
NaI159,159,8,9,47.82,-17.03,-25.72,27.95,1204.43,0.0977,-343.993493,3.140393,9,31,21,47,,,,,,,,
NaI160,160,8,9,47.85,-10.24,-29.14,27.96,1191.71,0.0977,-274.81307,2.7939,10,0,21,48,,,,,,,,
NaI161,161,8,9,47.86,-3.41,-30.66,27.91,1195.4,0.0977,-355.149688,3.493728,10,1,21,49,,,,,,,,
NaI162,162,8,10,39.57,18.93,-25.76,38.69,1112.94,0.0977,-290.325525,3.155392,10,2,21,50,,,,,,,,
NaI163,163,8,10,39.61,25.75,-18.94,38.63,1190.7,0.0977,-406.437184,4.04238,10,3,21,51,,,,,,,,
NaI164,164,8,10,39.6,25.72,18.94,38.61,1194.43,0.0977,-333.696828,3.263733,10,4,21,52,,,,,,,,
NaI165,165,8,10,39.62,18.93,25.76,38.61,1189.3,0.0977,-362.321253,4.156767,10,5,21,53,,,,,,,,
NaI166,166,8,10,39.59,-18.93,25.76,38.65,1112.27,0.0977,-315.847725,3.3462,10,6,21,54,,,,,,,,
NaI167,167,8,10,39.54,-25.76,18.94,38.73,1190.69,0.0977,-399.178474,4.004949,10,7,21,55,,,,,,,,
NaI168,168,8,10,39.57,-25.74,-18.91,38.65,1195.9,0.0977,-294.494052,3.689304,10,8,21,56,,,,,,,,
NaI169,169,8,10,39.61,-18.9,-25.79,38.63,1190,0.0977,-357.350448,3.113374,10,9,21,57,,,,,,,,
NaI170,170,8,10,34.69,4.28,-26.97,39.45,1205.22,0.0977,-338.247268,3.345186,10,10,21,58,,,,,,,,
NaI171,171,8,10,36.76,12.07,-25.79,38.11,1193.45,0.0977,-353.601628,3.239166,10,11,21,59,,,,,,,,
NaI172,172,8,10,35.05,18.91,-18.91,38.12,1197.74,0.0977,-284.572605,2.943252,10,12,21,60,,,,,,,,
NaI173,173,8,10,36.76,25.79,-12.04,38.1,1198.3,0.0977,-422.632788,3.789093,10,13,21,61,,,,,,,,
NaI174,174,8,10,34.84,26.99,-4.35,39.27,1206.63,0.0977,-295.428816,3.029103,10,14,21,62,,,,,,,,
NaI175,175,8,10,34.8,26.98,4.33,39.32,1206,0.0977,-360.228325,3.232305,10,15,21,63,,,,,,,,
NaI176,176,8,10,36.72,25.8,12.04,38.17,1196.2,0.0977,-390.35704,3.62893,10,16,21,64,,,,,,,,
NaI177,177,8,10,35,18.89,18.93,38.18,1179.91,0.0977,-355.464828,3.519872,10,17,21,65,,,,,,,,
NaI178,178,8,10,36.78,12.07,25.81,38.11,1188.57,0.0977,-313.246986,3.375494,10,18,21,66,,,,,,,,
NaI179,179,8,10,34.86,4.3,26.99,39.23,1208.84,0.0977,-427.272222,3.182352,10,19,21,67,,,,,,,,
NaI180,180,8,10,34.92,-4.35,27,39.18,1210.48,0.0977,-331.139608,3.200967,10,20,21,68,,,,,,,,
NaI181,181,8,10,36.76,-12.08,25.79,38.12,1200.82,0.0977,-571.963248,5.530936,10,21,21,69,,,,,,,,
NaI182,182,8,10,34.99,-18.9,18.87,38.15,1193.32,0.0977,-319.728428,3.548787,10,22,21,70,,,,,,,,
NaI183,183,8,10,36.73,-25.8,12.05,38.15,1194.13,0.0977,-325.528629,2.732495,10,23,21,71,,,,,,,,
NaI184,184,8,10,34.91,-27,4.35,39.19,1209.11,0.0977,-408.32104,3.303324,10,24,21,72,,,,,,,,
NaI185,185,8,10,34.83,-26.98,-4.32,39.27,1211.14,0.0977,-294.692892,3.123232,10,25,21,73,,,,,,,,
NaI186,186,8,10,36.67,-25.8,-12.07,38.25,1199.24,0.0977,-335.30995,3.42837,10,26,21,74,,,,,,,,
NaI187,187,8,10,35.04,-18.91,-18.89,38.11,1193.59,0.0977,-321.170005,3.252821,10,27,21,75,,,,,,,,
NaI188,188,8,10,36.67,-12.06,-25.78,38.21,1194.59,0.0977,-371.957168,3.273984,10,28,21,76,,,,,,,,
NaI189,189,8,10,34.79,-4.37,-26.98,39.33,1209.96,0.0977,-290.046207,3.122196,10,29,21,77,,,,,,,,
NaI190,190,8,10,29.59,4.3,-21.68,38.93,1192.25,0.0977,-220.887938,3.405444,12,9,20,9,,,,,,,,
NaI191,191,8,10,30.42,12.03,-18.78,37.99,1179.14,0.0977,-259.253398,3.381795,12,10,20,10,,,,,,,,
NaI192,192,8,10,30.43,18.79,-12,37.96,1186.55,0.0977,-509.385488,5.78764,11,0,21,80,,,,,,,,
NaI193,193,8,10,29.62,21.71,-4.26,38.92,1198.91,0.0977,-268.590396,3.420354,11,1,21,81,,,,,,,,
NaI194,194,8,10,29.59,21.7,4.29,38.95,1198.27,0.0977,-220.714888,3.321318,11,2,21,82,,,,,,,,
NaI195,195,8,10,30.44,18.81,12.01,37.98,1185.56,0.0977,-278.756397,3.609555,11,3,21,83,,,,,,,,
NaI196,196,8,10,30.46,12,18.8,37.94,1184.67,0.0977,-317.801354,3.448614,11,4,21,84,,,,,,,,
NaI197,197,8,10,29.62,4.27,21.7,38.89,1199.94,0.0977,-199.85931,2.730166,11,5,21,85,,,,,,,,
NaI198,198,8,10,29.6,-4.23,21.71,38.94,1200.03,0.0977,-294.73992,3.115252,11,6,21,86,,,,,,,,
NaI199,199,8,10,30.49,-12.02,18.82,37.93,1181.69,0.0977,-318.32663,3.65706,11,7,20,0,,,,,,,,
NaI200,200,8,10,30.47,-18.82,12.03,37.97,1185.72,0.0977,-358.034933,3.640305,11,8,21,88,,,,,,,,
NaI201,201,8,10,29.6,-21.71,4.26,38.94,1200.03,0.0977,-197.4944,3.229528,11,9,21,89,,,,,,,,
NaI202,202,8,10,29.61,-21.72,-4.3,38.96,1199.64,0.0977,-305.560656,3.102624,11,10,21,90,,,,,,,,
NaI203,203,8,10,30.47,-18.81,-12.02,37.94,1189.61,0.0977,-266.598,3.541,11,11,21,91,,,,,,,,
NaI204,204,8,10,30.45,-12,-18.84,37.99,1192.72,0.0977,-302.959876,3.670326,11,12,21,92,,,,,,,,
NaI205,205,8,10,29.6,-4.32,-21.69,38.93,1201.26,0.0977,-299.745917,2.94405,11,13,21,93,,,,,,,,
NaI206,206,8,10,23.6,4.22,-16.39,38.74,1198.31,0.0977,-379.368128,3.230604,11,14,21,94,,,,,,,,
NaI207,207,8,10,24.09,11.91,-11.93,37.7,1198.78,0.0977,-291.068602,3.586352,11,15,21,95,,,,,,,,
NaI208,208,8,10,23.68,16.41,-4.25,38.65,1189.39,0.0977,-544.236248,6.35684,11,16,21,96,,,,,,,,
NaI209,209,8,10,23.72,16.4,4.23,38.54,1190.96,0.0977,-300.454584,3.823344,11,17,21,97,,,,,,,,
NaI210,210,8,10,24.09,11.93,11.92,37.72,1175.54,0.0977,-231.0322,2.950175,11,18,21,98,,,,,,,,
NaI211,211,8,10,23.72,4.22,16.43,38.61,1187.97,0.0977,-404.695782,3.542599,12,12,20,12,,,,,,,,
NaI212,212,8,10,23.7,-4.27,16.41,38.64,1189.44,0.0977,-301.092516,3.39171,11,20,21,100,,,,,,,,
NaI213,213,8,10,24.08,-11.91,11.91,37.68,1178.73,0.0977,-364.133,3.787,11,21,21,101,,,,,,,,
NaI214,214,8,10,23.74,-16.43,4.25,38.58,1193.68,0.0977,-383.392703,3.223068,11,22,21,102,,,,,,,,
NaI215,215,8,10,23.72,-16.41,-4.28,38.61,1194.73,0.0977,-292.29634,3.28394,11,23,21,103,,,,,,,,
NaI216,216,8,10,24.08,-11.94,-11.9,37.73,1178.04,0.0977,-314.529307,3.730701,12,11,20,11,,,,,,,,
NaI217,217,8,10,23.72,-4.25,-16.41,38.59,1193.52,0.0977,-331.22015,3.08595,11,25,21,105,,,,,,,,
NaI218,218,8,10,16.91,4.2,-11.03,38.85,1193.59,0.0977,-344.649376,3.297136,11,26,21,106,,,,,,,,
NaI219,219,8,10,16.85,11.02,-4.24,38.99,1189.13,0.0977,-364.261708,4.439979,11,27,21,107,,,,,,,,
NaI220,220,8,10,16.87,11.02,4.24,38.92,1190.72,0.0977,-406.409664,4.347219,11,28,21,108,,,,,,,,
NaI221,221,8,10,16.89,4.24,11.04,38.93,1196.5,0.0977,-331.088664,3.226816,11,29,21,109,,,,,,,,
NaI222,222,8,10,16.89,-4.25,11.02,38.92,1195.33,0.0977,-388.94746,3.28918,11,30,21,110,,,,,,,,
NaI223,223,8,10,16.94,-11.05,4.25,38.85,1195.21,0.0977,-347.15786,3.390828,11,31,21,111,,,,,,,,
NaI224,224,8,10,16.89,-11.01,-4.25,38.88,1193.61,0.0977,-290.060192,3.199944,12,4,20,4,,,,,,,,
NaI225,225,8,10,16.89,-4.22,-11.04,38.93,1194.61,0.0977,-290.471727,2.908473,12,5,20,5,,,,,,,,
NaI226,226,8,10,0,0,0,0,0,0.0977,0,0,0,0,22,127,,,,,,,,
NaI227,227,8,10,0,0,0,0,0,0.0977,0,0,0,0,21,127,,,,,,,,
NaI228,228,8,10,0,0,0,0,0,0.0977,0,0,0,0,20,127,,,,,,,,
BNU1-1,300,8,8,0,0,0,0,0,0.0977,-363.613262,3.480477,13,0,20,48,,,,,,,,
BNU1-2,301,8,8,0,0,0,0,0,0.0977,-286.385,3.529,13,1,20,49,,,,,,,,
BNU1-3,302,8,8,0,0,0,0,0,0.0977,-342.477945,3.706218,13,2,20,50,,,,,,,,
BNU1-4,303,8,8,0,0,0,0,0,0.0977,-358.704364,3.536912,13,3,20,51,,,,,,,,
BNU2-1,304,8,8,0,0,0,0,0,0.0977,-371.90902,3.600696,13,4,20,52,,,,,,,,
BNU2-2,305,8,8,0,0,0,0,0,0.0977,-286.557536,3.640504,13,5,20,53,,,,,,,,
BNU2-3,306,8,8,0,0,0,0,0,0.0977,-284.478941,3.576888,13,6,20,54,,,,,,,,
BNU2-4,307,8,8,0,0,0,0,0,0.0977,-342.475186,3.519994,13,7,20,55,,,,,,,,
BNU3-1,308,8,8,0,0,0,0,0,0.0977,-331.076,3.002,13,8,20,56,,,,,,,,
BNU3-2,309,8,8,0,0,0,0,0,0.0977,-319.286196,3.46969,13,9,20,57,,,,,,,,
BNU3-3,310,8,8,0,0,0,0,0,0.0977,-329.255156,3.480988,13,10,20,58,,,,,,,,
BNU3-4,311,8,8,0,0,0,0,0,0.0977,-375.161524,3.564258,13,11,20,59,,,,,,,,
BNU4-1,312,8,8,0,0,0,0,0,0.0977,-341.244336,3.489984,13,12,20,60,,,,,,,,
BNU4-2,313,8,8,0,0,0,0,0,0.0977,-326.1181,3.681622,13,13,20,61,,,,,,,,
BNU4-3,314,8,8,0,0,0,0,0,0.0977,-398.877218,3.441104,13,14,20,62,,,,,,,,
BNU4-4,315,8,8,0,0,0,0,0,0.0977,-354.576758,3.527344,13,15,20,63,,,,,,,,
BUN5-1,316,8,8,0,0,0,0,0,0.0977,-360.559557,3.378618,13,16,20,64,,,,,,,,
BNU5-2,317,8,8,0,0,0,0,0,0.0977,-259.913658,3.358452,13,17,20,65,,,,,,,,
BNU5-3,318,8,8,0,0,0,0,0,0.0977,-360.66694,3.3761,13,18,20,66,,,,,,,,
BNU5-4,319,8,8,0,0,0,0,0,0.0977,-404.661976,3.592083,13,19,20,67,,,,,,,,
BNU6-1,320,8,8,0,0,0,0,0,0.0977,-359.647856,3.3396,13,20,20,68,,,,,,,,
BNU6-2,321,8,8,0,0,0,0,0,0.0977,-430.23435,3.519005,13,21,20,69,,,,,,,,
BNU6-3,322,8,8,0,0,0,0,0,0.0977,-297.2645,3.34356,13,22,20,70,,,,,,,,
BNU6-4,323,8,8,0,0,0,0,0,0.0977,-361.682718,3.451554,13,23,20,71,,,,,,,,
BNU7-1,324,8,8,0,0,0,0,0,0.0977,-382.0036,3.496992,13,24,20,72,,,,,,,,
BNU7-2,325,8,8,0,0,0,0,0,0.0977,-411.143828,3.425571,13,25,20,73,,,,,,,,
BNU7-3,326,8,8,0,0,0,0,0,0.0977,-313.288682,3.45234,13,26,20,74,,,,,,,,
BNU7-4,327,8,8,0,0,0,0,0,0.0977,-305.630704,3.153359,13,27,20,75,,,,,,,,
BNU8-1,328,8,8,0,0,0,0,0,0.0977,-386.979925,3.359637,13,28,20,76,,,,,,,,
BNU8-2,329,8,8,0,0,0,0,0,0.0977,-365.651015,3.754751,13,29,20,77,,,,,,,,
BNU8-3,330,8,8,0,0,0,0,0,0.0977,-377.404725,3.124968,13,30,20,78,,,,,,,,
BNU8-4,331,8,8,0,0,0,0,0,0.0977,-352.43673,3.511946,13,31,20,79,,,,,,,,
BUN9-1,332,8,8,0,0,0,0,0,0.0977,-185.748743,3.057939,14,8,20,88,,,,,,,,
BNU9-2,333,8,8,0,0,0,0,0,0.0977,-308.992948,3.599208,14,9,20,89,,,,,,,,
BNU9-3,334,8,8,0,0,0,0,0,0.0977,-315.985665,3.384358,14,10,20,90,,,,,,,,
BNU9-4,335,8,8,0,0,0,0,0,0.0977,-229.076017,3.443925,14,11,20,91,,,,,,,,
BNU10-1,336,8,8,0,0,0,0,0,0.0977,-395.9827,3.58182,14,12,20,92,,,,,,,,
BNU10-2,337,8,8,0,0,0,0,0,0.0977,-312.947892,3.488508,14,13,20,93,,,,,,,,
BNU10-3,338,8,8,0,0,0,0,0,0.0977,-214.71428,3.4364,14,14,20,94,,,,,,,,
BNU10-4,339,8,8,0,0,0,0,0,0.0977,-251.046895,3.320435,14,15,20,95,,,,,,,,
CR1-1,350,8,8,0,152.87,288.65,223.5,0,0.0977,-251.854235,2.661395,14,16,20,96,,,,b1,a1,,b2,a2
CR1-2,351,8,8,0,152.87,288.65,249.2,0,0.0977,-249.027,2.727319,14,17,20,97,,-251.854235,2.661395,-280.595,2.915,350,4.329,0.913
CR1-3,352,8,8,0,178.57,288.65,249.2,0,0.0977,-259.205848,2.875824,14,18,20,98,,-249.027,2.727319,-260,2.803,351,3.953,0.973
CR1-4,353,8,8,0,178.57,288.65,223.5,0,0.0977,-242.293103,2.670712,14,19,20,99,,-259.205848,2.875824,-253.481,2.853,352,-3.697,1.008
CR2-1,354,8,8,0,332.92,-43.05,225.93,0,0.0977,-260.983668,2.568594,14,20,20,100,,-242.293103,2.670712,-246.757,2.728,353,-0.718,0.979
CR2-2,355,8,8,0,332.92,-68.75,225.93,0,0.0977,-147.17864,1.78654,14,21,20,101,,-260.983668,2.568594,-271.098,2.659,354,0.897,0.966
CR2-3,356,8,8,0,332.92,-68.75,251.63,0,0.0977,-158.63508,1.68831,14,22,20,102,,-147.17864,1.78654,-149.818,1.823,355,-0.357,0.98
CR2-4,357,8,8,0,332.92,-43.05,251.63,0,0.0977,-299.769063,2.923991,14,23,20,103,,-158.63508,1.68831,-171.84,1.755,356,6.675,0.962
CK-1,358,8,8,0,292.92,-97.45,249.2,0,0.0977,-231.81672,2.51328,14,24,20,104,,-299.769063,2.923991,-327.657,3.049,357,14.454,0.959
CK-2,359,8,8,0,292.92,-97.45,223.5,0,0.0977,-245.91285,2.6364,14,25,20,105,,-231.81672,2.51328,-245.357,2.618,358,3.726,0.96
CK-3,360,8,8,0,292.92,-123.15,223.5,0,0.0977,-212.631374,2.406306,14,26,20,106,,-245.91285,2.6364,-250.486,2.704,359,-1.689,0.975
CK-4,361,8,8,0,292.92,-123.15,249.2,0,0.0977,-206.35708,2.63424,14,27,20,107,,-212.631374,2.406306,-223.489,2.491,360,3.259,0.966
C_H-1,362,8,8,0,262.92,-181.55,223.5,0,0.0977,-218.42562,1.7776,14,28,20,108,,-206.35708,2.63424,-219.273,2.744,361,4.145,0.96
C_H-2,363,8,8,0,262.92,-181.55,249.2,0,0.0977,0,0,14,29,20,109,,-218.42562,1.7776,-197.162,1.76,362,-19.292,1.01
C_H-3,364,8,8,0,262.92,-155.85,249.2,0,0.0977,-185.003175,1.77707,14,30,20,110,,0,0,0,0,363,0,0
C_H-4,365,8,8,0,262.92,-155.85,223.5,0,0.0977,-185.003175,1.77707,14,31,20,111,,-185.003175,1.77707,-198.765,1.786,364,12.768,0.995
S1-1,400,8,8,0,0,0,0,0,0.0977,-322.831,2.586,12,16,20,32,,0,0,-198.765,1.786,365,0,0
S1-2,401,8,8,0,0,0,0,0,0.0977,-300.796,2.806,12,17,20,33,,,,,,,,
S1-3,402,8,8,0,0,0,0,0,0.0977,-232.441,2.459,12,18,20,34,,,,,,,,
S1-4,403,8,8,0,0,0,0,0,0.0977,-316.362,2.733,12,19,20,35,,,,,,,,
S2-1,404,8,8,0,0,0,0,0,0.0977,-207.957,1.762,12,20,20,36,,,,,,,,
S2-2,405,8,8,0,0,0,0,0,0.0977,-259.327,2.08,12,21,20,37,,,,,,,,
S2-3,406,8,8,0,0,0,0,0,0.0977,-296.835,2.666,12,22,20,38,,,,,,,,
S2-4,407,8,8,0,0,0,0,0,0.0977,-269.598,2.191,12,23,20,39,,,,,,,,
Q1-1,408,8,8,0,0,0,0,0,0.0977,-282.054,2.599,12,24,20,40,,,,,,,,
Q1-2,409,8,8,0,0,0,0,0,0.0977,-347.028,2.677,12,25,20,41,,,,,,,,
Q1-3,410,8,8,0,0,0,0,0,0.0977,-327.925,2.526,12,26,20,42,,,,,,,,
Q1-4,411,8,8,0,0,0,0,0,0.0977,-393.52,2.894,12,27,20,43,,,,,,,,
Q2-1,412,8,8,0,0,0,0,0,0.0977,-278.404,2.528,12,28,20,44,,,,,,,,
Q2-2,413,8,8,0,0,0,0,0,0.0977,-370.857,2.857,12,29,20,45,,,,,,,,
Q2-3,414,8,8,0,0,0,0,0,0.0977,-264.15,2.73,12,30,20,46,,,,,,,,
Q2-4,415,8,8,0,0,0,0,0,0.0977,-355.467,2.82,12,31,20,47,,,,,,,,
