NAME,FPL,direction,layer,bar,qcal0,qped0,tdc0ns0,tdc25ns0,tdc0ns0_t17,tdc25ns0_t17,qcal1,qped1,tdc0ns1,tdc25ns1,tdc0ns1_t17,tdc25ns1_t17,tdiff_offset,sync_offset,vscint,ediff_offset,esync_offset,att,crate0,module0,channel0,sam0,gtb0,crate1,module1,channel1,sam1,gtb1,zpos
NeuLANDPla0H-0,13,H,0,0,1,46,1178,3284,1141,3281,1,36,1203,3278,1154,3276,45.5521,-13.9147,8.37529,1.01314,0.0628646,358.252,1,9,11,6,0,4,2,1,5,1,11165
NeuLANDPla0H-1,13,H,0,1,1,9,1326,3277,1141,3281,1,32,1126,3278,1154,3276,46.3697,-13.9926,8.36881,1.01437,0.0622644,400.882,1,9,10,6,0,4,2,0,5,1,11165
NeuLANDPla0H-2,13,H,0,2,1,12,1177,3271,1141,3281,1,21,1216,3273,1154,3276,45.2025,-14.1194,8.36463,1.04701,0.0612233,456.488,1,9,9,6,0,4,2,15,5,1,11165
NeuLANDPla0H-3,13,H,0,3,1,12,1214,3282,1141,3281,1,75,1156,3270,1154,3276,44.5022,-13.692,8.31139,1.02338,0.0627807,409.041,1,9,8,6,0,4,2,14,5,1,11165
NeuLANDPla0H-4,13,H,0,4,1,14,1307,3280,1236,3288,1,56,1159,3261,1154,3276,48.4013,-12.0476,8.29527,1.00523,0.0615061,459.496,1,10,7,6,0,4,2,13,5,1,11165
NeuLANDPla0H-5,13,H,0,5,1,36,1341,3261,1236,3288,1,25,1172,3275,1154,3276,48.6087,-11.7573,8.30041,1.03071,0.0629415,462.131,1,10,6,6,0,4,2,12,5,1,11165
NeuLANDPla0H-6,13,H,0,6,1,14,1282,3279,1236,3288,1,69,1218,3270,1154,3276,47.6916,-11.5881,8.23049,1.00602,0.0619865,452.482,1,10,5,6,0,4,2,11,5,1,11165
NeuLANDPla0H-7,13,H,0,7,1,11,1355,3259,1236,3288,1,70,1197,3270,1154,3276,48.0039,-12.4072,8.23793,1.00499,0.0615,379.249,1,10,4,6,0,4,2,10,5,1,11165
NeuLANDPla0H-8,13,H,0,8,1,43,1287,3284,1236,3288,1,54,1217,3270,1154,3276,48.0122,-12.7719,8.40195,1.00112,0.0630739,505.904,1,10,3,6,0,4,2,9,5,1,11165
NeuLANDPla0H-9,13,H,0,9,1,11,1334,3268,1236,3288,1,24,1157,3269,1154,3276,48.5067,-11.6761,8.324,1.01368,0.0626936,452.409,1,10,2,6,0,4,2,8,5,1,11165
NeuLANDPla0H-10,13,H,0,10,1,5,1253,3271,1236,3288,1,14,1339,3272,1266,3277,64.197,-19.7454,8.27549,1.00961,0.0624104,397.894,1,10,1,6,0,4,3,7,5,1,11165
NeuLANDPla0H-11,13,H,0,11,1,40,1314,3265,1236,3288,1,31,1272,3282,1266,3277,62.9261,-20.5721,8.28252,0.995837,0.062736,513.681,1,10,0,6,0,4,3,6,5,1,11165
NeuLANDPla0H-12,13,H,0,12,1,18,1253,3286,1236,3288,1,72,1255,3277,1266,3277,64.6847,-20.0886,8.32295,1.02826,0.062925,446.044,1,10,15,6,0,4,3,5,5,1,11165
NeuLANDPla0H-13,13,H,0,13,1,20,1255,3272,1236,3288,1,58,1271,3274,1266,3277,64.5315,-20.1062,8.29801,0.991634,0.0616873,441.997,1,10,14,6,0,4,3,4,5,1,11165
NeuLANDPla0H-14,13,H,0,14,1,19,1234,3285,1236,3288,1,53,1309,3271,1266,3277,64.4861,-19.8362,8.25355,1.00942,0.0623824,498.825,1,10,13,6,0,4,3,3,5,1,11165
NeuLANDPla0H-15,13,H,0,15,1,14,1250,3276,1236,3288,1,21,1274,3276,1266,3277,61.9068,-20.1945,8.30826,1.01283,0.0627586,470.196,1,10,12,6,0,4,3,2,5,1,11165
NeuLANDPla0H-16,13,H,0,16,1,50,1250,3268,1236,3288,1,47,1289,3275,1266,3277,63.4918,-20.4786,8.33963,1.0206,0.0626147,462.253,1,10,11,6,0,4,3,1,5,1,11165
NeuLANDPla0H-17,13,H,0,17,1,15,1343,3266,1236,3288,1,24,1248,3275,1266,3277,63.6714,-20.4918,8.3874,1.00294,0.0623841,532.97,1,10,10,6,0,4,3,0,5,1,11165
NeuLANDPla0H-18,13,H,0,18,1,4,1251,3271,1236,3288,1,68,1279,3272,1266,3277,63.3557,-19.1425,8.24596,0.996317,0.0623391,493.925,1,10,9,6,0,4,3,15,5,1,11165
NeuLANDPla0H-19,13,H,0,19,1,21,1375,3263,1236,3288,1,29,1285,3282,1266,3277,64.7647,-20.2325,8.3097,1.00694,0.062247,511.7,1,10,8,6,0,4,3,14,5,1,11165
NeuLANDPla0H-20,13,H,0,20,1,6,1192,3287,1119,3288,1,32,1350,3272,1266,3277,55.0282,-24.5373,8.37717,1.00961,0.0628716,545.523,2,8,7,6,1,4,3,13,5,1,11165
NeuLANDPla0H-21,13,H,0,21,1,57,1175,3277,1119,3288,1,25,1281,3275,1266,3277,56.6172,-24.2753,8.3127,1.02284,0.0624894,486.804,2,8,6,6,1,4,3,12,5,1,11165
NeuLANDPla0H-22,13,H,0,22,1,26,1187,3280,1119,3288,1,25,1332,3269,1266,3277,54.7514,-24.5684,8.35264,1.00194,0.0628519,518.692,2,8,5,6,1,4,3,11,5,1,11165
NeuLANDPla0H-23,13,H,0,23,1,21,1261,3284,1119,3288,1,67,1281,3278,1266,3277,55.2888,-24.8845,8.29203,0.950334,0.0582374,496.039,2,8,4,6,1,4,3,10,5,1,11165
NeuLANDPla0H-24,13,H,0,24,1,8,1125,3282,1119,3288,1,47,1319,3270,1266,3277,55.1177,-24.3705,8.31229,1.0587,0.064939,546.578,2,8,3,6,1,4,3,9,5,1,11165
NeuLANDPla0H-25,13,H,0,25,1,3,1162,3276,1119,3288,1,23,1259,3273,1266,3277,53.5592,-24.2901,8.29937,1.01609,0.0624326,562.594,2,8,2,6,1,4,3,8,5,1,11165
NeuLANDPla0H-26,13,H,0,26,1,38,1164,3284,1119,3288,1,69,1271,3273,1215,3277,54.0363,-24.1376,8.36752,0.996151,0.0628695,520.258,2,8,1,6,1,4,4,7,5,1,11165
NeuLANDPla0H-27,13,H,0,27,1,1,1172,3278,1119,3288,1,30,1216,3267,1215,3277,54.8035,-24.7731,8.3771,0.99408,0.0637442,568.033,2,8,0,6,1,4,4,6,5,1,11165
NeuLANDPla0H-28,13,H,0,28,1,10,1192,3290,1119,3288,1,35,1214,3271,1215,3277,54.8116,-23.9725,8.37906,0.989482,0.0638116,532.788,2,8,15,6,1,4,4,5,5,1,11165
NeuLANDPla0H-29,13,H,0,29,1,2,1186,3285,1119,3288,1,31,1205,3261,1215,3277,55.8035,-24.3357,8.32061,1.00244,0.0634117,492.276,2,8,14,6,1,4,4,4,5,1,11165
NeuLANDPla0H-30,13,H,0,30,1,25,1092,3283,1119,3288,1,52,1205,3277,1215,3277,55.023,-23.8534,8.24909,1.00601,0.0635012,420.648,2,8,13,6,1,4,4,3,5,1,11165
NeuLANDPla0H-31,13,H,0,31,1,6,1180,3278,1119,3288,1,18,1239,3272,1215,3277,54.7752,-24.0893,8.24525,0.997047,0.0626362,422.97,2,8,12,6,1,4,4,2,5,1,11165
NeuLANDPla0H-32,13,H,0,32,1,1,1146,3284,1119,3288,1,33,1179,3277,1215,3277,55.8404,-24.6173,8.34008,1.00661,0.0636007,494.182,2,8,11,6,1,4,4,1,5,1,11165
NeuLANDPla0H-33,13,H,0,33,1,58,1141,3279,1119,3288,1,33,1221,3268,1215,3277,53.8337,-24.2886,8.3413,0.995903,0.064116,525.869,2,8,10,6,1,4,4,0,5,1,11165
NeuLANDPla0H-34,13,H,0,34,1,13,1193,3284,1119,3288,1,30,1309,3277,1215,3277,54.6567,-24.7491,8.35608,1.00199,0.0634677,457.43,2,8,9,6,1,4,4,15,5,1,11165
NeuLANDPla0H-35,13,H,0,35,1,28,1241,3283,1119,3288,1,24,1235,3269,1215,3277,55.1103,-23.8617,8.23515,1.00636,0.0626416,401.908,2,8,8,6,1,4,4,14,5,1,11165
NeuLANDPla0H-36,13,H,0,36,1,4,1190,3281,1203,3290,1,33,1255,3271,1215,3277,55.0699,-23.9329,8.25409,0.987998,0.0629336,413.451,2,9,7,6,1,4,4,13,5,1,11165
NeuLANDPla0H-37,13,H,0,37,1,10,1221,3282,1203,3290,1,38.898174,1224,3264,1215,3277,53.5952,-23.9152,8.30637,0.929937,0.0592599,488.852,2,9,6,6,1,4,4,12,5,1,11165
NeuLANDPla0H-38,13,H,0,38,1,2,1173,3278,1203,3290,1,15,1229,3273,1215,3277,55.7948,-24.1863,8.24027,1.05956,0.0594279,392.128,2,9,5,6,1,4,4,11,5,1,11165
NeuLANDPla0H-39,13,H,0,39,1,2,1184,3273,1203,3290,1,57,1257,3269,1215,3277,54.7205,-24.3813,8.31596,0.99204,0.0639305,457.148,2,9,4,6,1,4,4,10,5,1,11165
NeuLANDPla0H-40,13,H,0,40,1,22,1199,3284,1203,3290,1,30,1276,3271,1215,3277,54.9686,-24.6214,8.37579,0.992563,0.0635751,432.331,2,9,3,6,1,4,4,9,5,1,11165
NeuLANDPla0H-41,13,H,0,41,1,11,1191,3274,1203,3290,1,83,1250,3267,1215,3277,53.745,-23.6322,8.25837,0.986891,0.0631294,446.416,2,9,2,6,1,4,4,8,5,1,11165
NeuLANDPla0H-42,13,H,0,42,1,27,1142,3279,1203,3290,1,14,1257,3279,1202,3284,38.4315,-16.1188,8.35139,0.995063,0.0629382,448.897,2,9,1,6,1,4,5,7,5,1,11165
NeuLANDPla0H-43,13,H,0,43,1,1,1229,3292,1203,3290,1,24,1180,3280,1202,3284,37.5156,-16.1418,8.36957,1.04575,0.0557104,449.57,2,9,0,6,1,4,5,6,5,1,11165
NeuLANDPla0H-44,13,H,0,44,1,21,1140,3288,1203,3290,1,59,1121,3270,1202,3284,39.4741,-16.0384,8.38272,1.03418,0.0614159,493.355,2,9,15,6,1,4,5,5,5,1,11165
NeuLANDPla0H-45,13,H,0,45,1,43,1192,3279,1203,3290,1,57,1172,3278,1202,3284,39.2056,-16.2187,8.35997,1.00117,0.0631382,391.849,2,9,14,6,1,4,5,4,5,1,11165
NeuLANDPla0H-46,13,H,0,46,1,3,1140,3286,1203,3290,1,43,1230,3281,1202,3284,38.4923,-15.7838,8.32366,1.05737,0.0609477,416.955,2,9,13,6,1,4,5,3,5,1,11165
NeuLANDPla0H-47,13,H,0,47,1,22,1196,3285,1203,3290,1,39,1188,3280,1202,3284,37.0021,-16.1648,8.36461,1.19837,0.04968,527.419,2,9,12,6,1,4,5,2,5,1,11165
NeuLANDPla0H-48,13,H,0,48,1,42,1140,3283,1203,3290,1,19,1209,3281,1202,3284,38.2886,-16.1493,8.42969,0.994412,0.0626208,417.6,2,9,11,6,1,4,5,1,5,1,11165
NeuLANDPla0H-49,13,H,0,49,1,8,1228,3290,1203,3290,1,22,1174,3282,1202,3284,38.2128,-16.2143,8.37202,0.979257,0.0613538,320.862,2,9,10,6,1,4,5,0,5,1,11165
NeuLANDPla1V-0,13,V,1,0,1,28,1276,3271,1158,3279,1,45,1191,3278,1203,3290,9.7435,7.84384,8.27308,1.07703,0.0652281,355.397,1,8,7,6,0,2,9,9,6,1,11215
NeuLANDPla1V-1,13,V,1,1,1,24,1281,3282,1158,3279,1,4,1210,3278,1203,3290,10.2344,8.32271,8.23279,1.01151,0.0661884,424.314,1,8,6,6,0,2,9,8,6,1,11215
NeuLANDPla1V-2,13,V,1,2,1,21,1193,3275,1158,3279,1,0,1210,3273,1211,3275,9.31642,7.96989,8.17189,1.02203,0.0628962,474.188,1,8,5,6,0,2,10,7,6,1,11215
NeuLANDPla1V-3,13,V,1,3,1,21,1281,3288,1158,3279,1,3,1247,3281,1211,3275,9.18651,8.13316,8.1403,1.02395,0.0641003,421.401,1,8,4,6,0,2,10,6,6,1,11215
NeuLANDPla1V-4,13,V,1,4,1,14,1286,3280,1158,3279,1,4,1219,3265,1211,3275,10.0028,7.66183,8.15573,1.01097,0.0647395,421.29,1,8,3,6,0,2,10,5,6,1,11215
NeuLANDPla1V-5,13,V,1,5,1,63,1285,3284,1158,3279,1,73,1241,3277,1211,3275,10.0703,7.28086,8.20674,1.0336,0.0636985,492.377,1,8,2,6,0,2,10,4,6,1,11215
NeuLANDPla1V-6,13,V,1,6,1,26,1201,3276,1158,3279,1,9,1202,3263,1211,3275,8.40802,7.14545,8.16754,1.00933,0.0655512,542.353,1,8,1,6,0,2,10,3,6,1,11215
NeuLANDPla1V-7,13,V,1,7,1,17,1290,3286,1158,3279,1,29,1240,3274,1211,3275,9.44071,7.64483,8.1264,1.01587,0.0659285,429.96,1,8,0,6,0,2,10,2,6,1,11215
NeuLANDPla1V-8,13,V,1,8,1,40,1265,3282,1158,3279,1,24,1292,3273,1211,3275,9.38008,8.17919,8.14637,1.01544,0.0640246,503.908,1,8,15,6,0,2,10,1,6,1,11215
NeuLANDPla1V-9,13,V,1,9,1,21,1219,3282,1158,3279,1,69,1226,3283,1211,3275,9.98692,7.62977,8.13025,1.00989,0.0651304,457.557,1,8,14,6,0,2,10,0,6,1,11215
NeuLANDPla1V-10,13,V,1,10,1,27,1235,3285,1158,3279,1,39,1238,3275,1211,3275,9.04575,7.82595,8.11601,1.00496,0.0650302,492.72,1,8,13,6,0,2,10,15,6,1,11215
NeuLANDPla1V-11,13,V,1,11,1,64,1220,3284,1158,3279,1,11,1165,3280,1211,3275,8.66833,8.23552,8.09004,1.04601,0.0635999,484.102,1,8,12,6,0,2,10,14,6,1,11215
NeuLANDPla1V-12,13,V,1,12,1,31,1253,3282,1158,3279,1,2,1253,3280,1211,3275,8.81193,7.87396,8.16998,1.00161,0.065243,464.906,1,8,11,6,0,2,10,13,6,1,11215
NeuLANDPla1V-13,13,V,1,13,1,71,1244,3285,1158,3279,1,86,1177,3283,1211,3275,9.2011,7.30926,8.19333,1.00407,0.0657603,527.878,1,8,10,6,0,2,10,12,6,1,11215
NeuLANDPla1V-14,13,V,1,14,1,17,1302,3278,1158,3279,1,78,1176,3269,1211,3275,10.0387,8.5597,8.08274,1.03627,0.0623486,472.337,1,8,9,6,0,2,10,11,6,1,11215
NeuLANDPla1V-15,13,V,1,15,1,49,1198,3279,1158,3279,1,0,1234,3281,1211,3275,9.27456,7.93451,8.07409,1.01265,0.0656912,450.451,1,8,8,6,0,2,10,10,6,1,11215
NeuLANDPla1V-16,13,V,1,16,1,6,1182,3279,1141,3281,1,14,1190,3268,1211,3275,6.6767,6.25997,8.10575,0.986831,0.0651861,534.222,1,9,7,6,0,2,10,9,6,1,11215
NeuLANDPla1V-17,13,V,1,17,1,34,1309,3271,1141,3281,1,71,1205,3279,1211,3275,5.50699,6.47591,8.17372,0.995324,0.0651863,489.789,1,9,6,6,0,2,10,8,6,1,11215
NeuLANDPla1V-18,13,V,1,18,1,13,1172,3281,1141,3281,1,4,1144,3279,1159,3283,4.86452,6.11318,8.17802,1.00166,0.065878,490.442,1,9,5,6,0,3,1,7,5,0,11215
NeuLANDPla1V-19,13,V,1,19,1,44,1232,3273,1141,3281,1,4,1126,3277,1159,3283,5.19988,5.7513,8.13241,1.00601,0.0655441,448.914,1,9,4,6,0,3,1,6,5,0,11215
NeuLANDPla1V-20,13,V,1,20,1,46,1172,3281,1141,3281,1,7,1239,3283,1159,3283,5.99949,5.5355,8.22088,1.00321,0.0661218,554.358,1,9,3,6,0,3,1,5,5,0,11215
NeuLANDPla1V-21,13,V,1,21,1,19,1215,3280,1141,3281,1,28,1213,3281,1159,3283,5.88221,5.5184,8.14506,1.01456,0.0639928,460.712,1,9,2,6,0,3,1,4,5,0,11215
NeuLANDPla1V-22,13,V,1,22,1,16,1170,3279,1141,3281,1,2,1233,3283,1159,3283,4.41964,6.26495,8.16992,1.00678,0.0645671,551.228,1,9,1,6,0,3,1,3,5,0,11215
NeuLANDPla1V-23,13,V,1,23,1,44,1220,3280,1141,3281,1,10,1325,3312,1159,3283,4.76312,5.62609,8.24679,1.00562,0.0631339,577.508,1,9,0,6,0,3,1,2,5,0,11215
NeuLANDPla1V-24,13,V,1,24,1,34,1239,3285,1141,3281,1,8,1196,3280,1159,3283,6.1392,5.61633,8.18273,0.98981,0.0646529,638.473,1,9,15,6,0,3,1,1,5,0,11215
NeuLANDPla1V-25,13,V,1,25,1,18,1276,3287,1141,3281,1,3,1199,3290,1159,3283,5.17749,5.8712,8.16484,1.00079,0.0662074,534.43,1,9,14,6,0,3,1,0,5,0,11215
NeuLANDPla1V-26,13,V,1,26,1,6,1168,3267,1141,3281,1,8,1202,3280,1159,3283,5.02315,6.11421,8.16466,0.967489,0.0694315,560.731,1,9,13,6,0,3,1,15,5,0,11215
NeuLANDPla1V-27,13,V,1,27,1,3,1187,3273,1141,3281,1,2,1165,3280,1159,3283,6.3571,5.79202,8.16527,0.996574,0.0640944,597.762,1,9,12,6,0,3,1,14,5,0,11215
NeuLANDPla1V-28,13,V,1,28,1,38,1310,3271,1219,3277,1,12,1181,3276,1159,3283,-54.2279,-24.0871,8.1143,1.01849,0.0647582,474.948,4,1,7,5,1,3,1,13,5,0,11215
NeuLANDPla1V-29,13,V,1,29,1,46,1332,3268,1219,3277,1,32,1118,3282,1159,3283,-55.4055,-23.6917,8.06084,1.00314,0.0658703,520.531,4,1,6,5,1,3,1,12,5,0,11215
NeuLANDPla1V-30,13,V,1,30,1,28,1325,3282,1219,3277,1,9,1268,3274,1202,3284,-17.1602,-43.3691,8.07094,0.997667,0.0648726,450.563,4,1,5,5,1,4,5,15,5,1,11215
NeuLANDPla1V-31,13,V,1,31,1,26,1267,3264,1219,3277,1,12,1220,3275,1202,3284,-16.7429,-43.7841,8.16221,0.98912,0.0658875,476.563,4,1,4,5,1,4,5,14,5,1,11215
NeuLANDPla1V-32,13,V,1,32,1,78,1265,3273,1219,3277,1,61,1275,3275,1202,3284,-17.6926,-42.9089,8.0435,0.99642,0.0672351,460.203,4,1,3,5,1,4,5,13,5,1,11215
NeuLANDPla1V-33,13,V,1,33,1,65,1255,3266,1219,3277,1,22,1230,3275,1202,3284,-18.923,-43.953,8.18463,0.996574,0.0668742,491.977,4,1,2,5,1,4,5,12,5,1,11215
NeuLANDPla1V-34,13,V,1,34,1,26,1256,3271,1219,3277,1,28,1259,3278,1202,3284,-18.202,-43.0967,8.0727,1.01522,0.064518,476.423,4,1,1,5,1,4,5,11,5,1,11215
NeuLANDPla1V-35,13,V,1,35,1,33,1246,3266,1219,3277,1,21,1225,3277,1202,3284,-17.2889,-43.6403,8.14895,0.963722,0.0669351,485.597,4,1,0,5,1,4,5,10,5,1,11215
NeuLANDPla1V-36,13,V,1,36,1,33,1302,3276,1219,3277,1,17,1263,3276,1202,3284,-17.8183,-42.9247,8.12742,1.00848,0.0647675,537.459,4,1,15,5,1,4,5,9,5,1,11215
NeuLANDPla1V-37,13,V,1,37,1,74,1352,3265,1219,3277,1,39,1227,3279,1202,3284,-17.6094,-43.3338,8.08555,0.989688,0.0648611,455.303,4,1,14,5,1,4,5,8,5,1,11215
NeuLANDPla1V-38,13,V,1,38,1,50,1295,3274,1219,3277,1,39.672626,1165,3276,1196,3283,-17.0991,-42.96,8.10557,0.999924,0.063815,477.29,4,1,13,5,1,4,6,7,5,1,11215
NeuLANDPla1V-39,13,V,1,39,1,20,1300,3257,1219,3277,1,40.237999,1303,3270,1196,3283,-18.8401,-43.0326,8.10265,1.00429,0.0655957,480.626,4,1,12,5,1,4,6,6,5,1,11215
NeuLANDPla1V-40,13,V,1,40,1,51,1304,3273,1219,3277,1,35.103519,1176,3278,1196,3283,-16.3563,-42.8592,8.10491,1.01361,0.0649657,427.25,4,1,11,5,1,4,6,5,5,1,11215
NeuLANDPla1V-41,13,V,1,41,1,48,1352,3266,1219,3277,1,30.886461,1273,3270,1196,3283,-16.4063,-42.8601,8.10632,1.01675,0.0660416,435.437,4,1,10,5,1,4,6,4,5,1,11215
NeuLANDPla1V-42,13,V,1,42,1,48,1331,3269,1219,3277,1,34.326111,1215,3284,1196,3283,-16.1947,-43.4792,8.14526,0.997411,0.0662738,490.563,4,1,9,5,1,4,6,3,5,1,11215
NeuLANDPla1V-43,13,V,1,43,1,64,1302,3271,1219,3277,1,68,1251,3266,1196,3283,-17.5393,-42.7476,8.14936,1.02609,0.0655846,419.544,4,1,8,5,1,4,6,2,5,1,11215
NeuLANDPla1V-44,13,V,1,44,1,19,1199,3267,1154,3276,1,57.235016,1229,3288,1196,3283,-2.23587,-35.234,8.10205,0.987881,0.0648301,387.807,4,2,7,5,1,4,6,1,5,1,11215
NeuLANDPla1V-45,13,V,1,45,1,18,1186,3272,1154,3276,1,31.415167,1224,3276,1196,3283,-1.20363,-34.8154,8.13177,0.99226,0.0669351,506.382,4,2,6,5,1,4,6,0,5,1,11215
NeuLANDPla1V-46,13,V,1,46,1,33,1148,3262,1154,3276,1,35.422745,1251,3271,1196,3283,-0.310414,-34.8134,8.05501,0.983365,0.0657594,406.021,4,2,5,5,1,4,6,15,5,1,11215
NeuLANDPla1V-47,13,V,1,47,1,29,1115,3265,1154,3276,1,30.927675,1291,3279,1196,3283,-1.44448,-35.4647,8.22928,0.988477,0.0645316,411.459,4,2,4,5,1,4,6,14,5,1,11215
NeuLANDPla1V-48,13,V,1,48,1,19,1168,3270,1154,3276,1,66.174522,1254,3276,1196,3283,-1.65949,-34.5545,8.19951,1.03004,0.0676702,492.081,4,2,3,5,1,4,6,13,5,1,11215
NeuLANDPla1V-49,13,V,1,49,1,10,1176,3281,1154,3276,1,66.790642,1270,3273,1196,3283,-2.4032,-34.5847,8.20117,0.982828,0.0644201,346.465,4,2,2,5,1,4,6,12,5,1,11215
NeuLANDPla2H-0,13,H,2,0,1,19,1173,3271,1173,3289,1,45,1200,3277,1121,3273,47.8532,-20.6952,8.38529,0.993088,0.0591709,350.716,2,2,11,6,1,5,2,1,7,1,11265
NeuLANDPla2H-1,13,H,2,1,1,4,1233,3284,1173,3289,1,36,1186,3272,1121,3273,47.8099,-20.3685,8.30736,0.999652,0.0603057,535.159,2,2,10,6,1,5,2,0,7,1,11265
NeuLANDPla2H-2,13,H,2,2,1,4,1184,3271,1173,3289,1,31,1222,3269,1121,3273,47.1654,-20.0966,8.31763,1.00887,0.0617105,443.134,2,2,9,6,1,5,2,15,7,1,11265
NeuLANDPla2H-3,13,H,2,3,1,54,1271,3284,1173,3289,1,41,1288,3277,1121,3273,46.9841,-20.2646,8.27033,0.993935,0.0611253,434.436,2,2,8,6,1,5,2,14,7,1,11265
NeuLANDPla2H-4,13,H,2,4,1,21,1273,3275,1212,3288,1,35,1256,3269,1121,3273,47.6791,-20.137,8.23893,1.00258,0.0613711,404.21,2,3,7,6,1,5,2,13,7,1,11265
NeuLANDPla2H-5,13,H,2,5,1,46,1300,3268,1212,3288,1,34,1259,3264,1121,3273,46.7959,-19.7083,8.17265,0.999231,0.061891,545.944,2,3,6,6,1,5,2,12,7,1,11265
NeuLANDPla2H-6,13,H,2,6,1,43,1287,3276,1212,3288,1,30,1255,3269,1121,3273,45.7112,-20.5441,8.17728,0.988926,0.0622349,504.76,2,3,5,6,1,5,2,11,7,1,11265
NeuLANDPla2H-7,13,H,2,7,1,58,1300,3275,1212,3288,1,48,1226,3266,1121,3273,46.5294,-20.8332,8.19801,0.956006,0.0634041,440.546,2,3,4,6,1,5,2,10,7,1,11265
NeuLANDPla2H-8,13,H,2,8,1,2,1288,3276,1212,3288,1,31,1231,3261,1121,3273,46.8683,-20.1752,8.16968,1.0034,0.0630187,463.564,2,3,3,6,1,5,2,9,7,1,11265
NeuLANDPla2H-9,13,H,2,9,1,2,1294,3270,1212,3288,1,60,1286,3281,1121,3273,47.6699,-19.8339,8.12985,1.01033,0.0626634,515.617,2,3,2,6,1,5,2,8,7,1,11265
NeuLANDPla2H-10,13,H,2,10,1,53,1257,3279,1212,3288,1,48,1189,3271,1157,3277,47.1855,-21.1699,8.19815,0.991303,0.0602765,542.234,2,3,1,6,1,5,3,7,7,1,11265
NeuLANDPla2H-11,13,H,2,11,1,44,1299,3269,1212,3288,1,21,1208,3273,1157,3277,46.4074,-20.6672,8.13852,0.99767,0.0631549,434.966,2,3,0,6,1,5,3,6,7,1,11265
NeuLANDPla2H-12,13,H,2,12,1,2,1227,3282,1212,3288,1,24,1182,3273,1157,3277,46.2711,-20.3236,8.1293,0.980078,0.0619799,576.84,2,3,15,6,1,5,3,5,7,1,11265
NeuLANDPla2H-13,13,H,2,13,1,33,1257,3274,1212,3288,1,30,1198,3273,1157,3277,45.8389,-20.499,8.11824,0.966151,0.0614396,564.745,2,3,14,6,1,5,3,4,7,1,11265
NeuLANDPla2H-14,13,H,2,14,1,3,1227,3280,1212,3288,1,21,1249,3279,1157,3277,47.1733,-20.4977,8.10245,1.0159,0.0627496,433.62,2,3,13,6,1,5,3,3,7,1,11265
NeuLANDPla2H-15,13,H,2,15,1,2,1267,3270,1212,3288,1,48,1283,3278,1157,3277,46.7413,-20.4417,8.11606,1.00366,0.0631398,571.296,2,3,12,6,1,5,3,2,7,1,11265
NeuLANDPla2H-16,13,H,2,16,1,3,1255,3279,1212,3288,1,36,1242,3280,1157,3277,47.5639,-20.8092,8.12377,0.988803,0.0617075,542.175,2,3,11,6,1,5,3,1,7,1,11265
NeuLANDPla2H-17,13,H,2,17,1,7,1268,3268,1212,3288,1,47,1238,3273,1157,3277,47.862,-20.5671,8.3031,1.00478,0.0640887,541.865,2,3,10,6,1,5,3,0,7,1,11265
NeuLANDPla2H-18,13,H,2,18,1,5,1250,3277,1212,3288,1,79,1279,3272,1157,3277,47.3877,-20.0484,8.12936,0.995291,0.0628001,465.21,2,3,9,6,1,5,3,15,7,1,11265
NeuLANDPla2H-19,13,H,2,19,1,5,1303,3273,1212,3288,1,24,1322,3277,1157,3277,48.6488,-20.5949,8.09528,1.0607,0.0599194,504.202,2,3,8,6,1,5,3,14,7,1,11265
NeuLANDPla2H-20,13,H,2,20,1,4,1275,3272,1177,3276,1,28,1295,3274,1157,3277,47.9613,-20.5005,8.14091,1.00755,0.0633548,559.766,2,4,7,6,1,5,3,13,7,1,11265
NeuLANDPla2H-21,13,H,2,21,1,49,1148,3280,1177,3276,1,35,1326,3275,1157,3277,49.481,-20.5352,8.16526,1.00283,0.0628695,490.545,2,4,6,6,1,5,3,12,7,1,11265
NeuLANDPla2H-22,13,H,2,22,1,2,1223,3273,1177,3276,1,37,1289,3269,1157,3277,47.8583,-20.6462,8.1429,0.983301,0.0618973,584.239,2,4,5,6,1,5,3,11,7,1,11265
NeuLANDPla2H-23,13,H,2,23,1,50,1201,3276,1177,3276,1,64,1293,3276,1157,3277,47.7552,-21.2264,8.18707,0.998719,0.0627766,492.727,2,4,4,6,1,5,3,10,7,1,11265
NeuLANDPla2H-24,13,H,2,24,1,56,1205,3270,1177,3276,1,30,1195,3269,1157,3277,46.8627,-20.6531,8.15591,1.00088,0.0635026,564.525,2,4,3,6,1,5,3,9,7,1,11265
NeuLANDPla2H-25,13,H,2,25,1,21,1159,3279,1177,3276,1,15,1296,3274,1157,3277,47.0606,-20.8579,8.22182,1.01441,0.0633687,602.25,2,4,2,6,1,5,3,8,7,1,11265
NeuLANDPla2H-26,13,H,2,26,1,2,1220,3270,1177,3276,1,26,1273,3271,1261,3277,15.5699,-5.36064,8.15907,1.01546,0.0632044,633.706,2,4,1,6,1,5,4,7,7,1,11265
NeuLANDPla2H-27,13,H,2,27,1,25,1158,3273,1177,3276,1,35,1253,3272,1261,3277,16.7222,-5.32076,8.11119,1.00604,0.0603762,604.267,2,4,0,6,1,5,4,6,7,1,11265
NeuLANDPla2H-28,13,H,2,28,1,7,1239,3274,1177,3276,1,49,1287,3266,1261,3277,16.6064,-4.82084,8.11805,1.01717,0.0621044,416.459,2,4,15,6,1,5,4,5,7,1,11265
NeuLANDPla2H-29,13,H,2,29,1,51,1143,3278,1177,3276,1,22,1275,3276,1261,3277,16.1073,-4.67586,8.14766,1.01084,0.0620319,480.753,2,4,14,6,1,5,4,4,7,1,11265
NeuLANDPla2H-30,13,H,2,30,1,8,1270,3273,1177,3276,1,3,1260,3263,1261,3277,-0.953488,3.42393,8.16802,0.986613,0.0613368,444.435,2,4,13,6,1,2,7,10,6,1,11265
NeuLANDPla2H-31,13,H,2,31,1,2,1162,3281,1177,3276,1,18,1194,3258,1261,3277,18.7189,-5.14993,8.09634,1.00902,0.0634584,564.009,2,4,12,6,1,5,4,2,7,1,11265
NeuLANDPla2H-32,13,H,2,32,1,1,1202,3279,1177,3276,1,62,1260,3275,1261,3277,16.5841,-5.51483,8.13766,1.0182,0.0616051,545.722,2,4,11,6,1,5,4,1,7,1,11265
NeuLANDPla2H-33,13,H,2,33,1,49,1147,3279,1177,3276,1,60,1297,3265,1261,3277,16.4835,-5.09481,8.08166,1.00957,0.0639218,481.804,2,4,10,6,1,5,4,0,7,1,11265
NeuLANDPla2H-34,13,H,2,34,1,4,1156,3266,1177,3276,1,23,1352,3272,1261,3277,15.6903,-4.57196,8.16207,0.999789,0.0637085,574.712,2,4,9,6,1,5,4,15,7,1,11265
NeuLANDPla2H-35,13,H,2,35,1,37,1145,3276,1177,3276,1,25,1259,3259,1261,3277,16.7453,-5.20023,8.09292,0.990141,0.0626345,460.813,2,4,8,6,1,5,4,14,7,1,11265
NeuLANDPla2H-36,13,H,2,36,1,2,1129,3282,1108,3284,1,23,1325,3277,1261,3277,15.6569,-4.39909,8.06665,0.939711,0.0606829,543.05,2,5,7,6,1,5,4,13,7,1,11265
NeuLANDPla2H-37,13,H,2,37,1,4,1271,3273,1108,3284,1,16,1252,3274,1261,3277,17.8346,-5.08106,8.10196,1.05969,0.0600403,452.864,2,5,6,6,1,5,4,12,7,1,11265
NeuLANDPla2H-38,13,H,2,38,1,3,1121,3285,1108,3284,1,30,1309,3270,1261,3277,17.7617,-6.18752,8.18851,0.988676,0.0633883,546.083,2,5,5,6,1,5,4,11,7,1,11265
NeuLANDPla2H-39,13,H,2,39,1,41,1274,3279,1108,3284,1,69,1246,3258,1261,3277,16.8535,-4.80718,8.06087,1.00141,0.0634314,460.314,2,5,4,6,1,5,4,10,7,1,11265
NeuLANDPla2H-40,13,H,2,40,1,39,1232,3284,1108,3284,1,57,1343,3271,1261,3277,16.6925,-5.63807,8.20856,1.0011,0.0623131,491.615,2,5,3,6,1,5,4,9,7,1,11265
NeuLANDPla2H-41,13,H,2,41,1,18,1260,3267,1108,3284,1,18,1238,3268,1261,3277,15.2603,-4.82506,8.24955,1.00608,0.0623355,417.051,2,5,2,6,1,5,4,8,7,1,11265
NeuLANDPla2H-42,13,H,2,42,1,4,1198,3273,1108,3284,1,36,1227,3282,1161,3279,15.5767,-5.53427,8.23741,0.997938,0.0628348,415.502,2,5,1,6,1,5,5,7,7,1,11265
NeuLANDPla2H-43,13,H,2,43,1,11,1271,3270,1108,3284,1,26,1196,3277,1161,3279,15.186,-5.42443,8.17289,0.999969,0.0632556,439.395,2,5,0,6,1,5,5,6,7,1,11265
NeuLANDPla2H-44,13,H,2,44,1,2,1221,3290,1108,3284,1,24,1230,3275,1161,3279,16.9214,-5.05717,8.20774,1.08245,0.0595819,514.373,2,5,15,6,1,5,5,5,7,1,11265
NeuLANDPla2H-45,13,H,2,45,1,2,1242,3281,1108,3284,1,71,1182,3275,1161,3279,15.1228,-4.99534,8.17306,0.940079,0.0600832,419.909,2,5,14,6,1,5,5,4,7,1,11265
NeuLANDPla2H-46,13,H,2,46,1,3,1219,3285,1108,3284,1,30,1132,3277,1161,3279,17.2588,-5.41364,8.20924,1.0165,0.0640568,498.075,2,5,13,6,1,5,5,3,7,1,11265
NeuLANDPla2H-47,13,H,2,47,1,52,1234,3273,1108,3284,1,36,1144,3267,1161,3279,16.0791,-5.81875,8.29124,1.02147,0.0617091,343.674,2,5,12,6,1,5,5,2,7,1,11265
NeuLANDPla2H-48,13,H,2,48,1,48,1219,3285,1108,3284,1,29,1130,3275,1161,3279,17.6314,-5.48348,8.2835,1.00114,0.0615974,346.678,2,5,11,6,1,5,5,1,7,1,11265
NeuLANDPla2H-49,13,H,2,49,1,2,1261,3277,1108,3284,1,27,1129,3268,1161,3279,16.8717,-5.43378,8.39111,1.00928,0.0613361,356.579,2,5,10,6,1,5,5,0,7,1,11265
NeuLANDPla3V-0,13,V,3,0,1,3,1210,3283,1141,3287,1,0,1202,3277,1108,3284,1.68143,1.79175,8.42992,1.1332,0.0611421,352.775,2,1,7,6,1,2,5,9,6,1,11315
NeuLANDPla3V-1,13,V,3,1,1,42,1183,3276,1141,3287,1,2,1262,3274,1108,3284,-0.329561,3.29281,8.28176,1.01192,0.0655903,392.535,2,1,6,6,1,2,5,8,6,1,11315
NeuLANDPla3V-2,13,V,3,2,1,2,1229,3285,1141,3287,1,5,1176,3281,1203,3287,-0.463107,3.58011,8.26386,1.01746,0.0667474,466.641,2,1,5,6,1,2,6,7,6,1,11315
NeuLANDPla3V-3,13,V,3,3,1,33,1165,3273,1141,3287,1,21,1263,3276,1203,3287,0.911217,3.65957,8.19333,1.01527,0.0655589,430.826,2,1,4,6,1,2,6,6,6,1,11315
NeuLANDPla3V-4,13,V,3,4,1,2,1195,3286,1141,3287,1,3,1225,3287,1203,3287,0.99308,3.31781,8.21369,1.00188,0.0662059,481.851,2,1,3,6,1,2,6,5,6,1,11315
NeuLANDPla3V-5,13,V,3,5,1,3,1180,3271,1141,3287,1,2,1255,3276,1203,3287,-0.0287105,2.67953,8.25102,0.976757,0.064471,448.923,2,1,2,6,1,2,6,4,6,1,11315
NeuLANDPla3V-6,13,V,3,6,1,5,1218,3283,1141,3287,1,20,1213,3280,1203,3287,0.231008,3.83572,8.15452,1.02092,0.064158,531.049,2,1,1,6,1,2,6,3,6,1,11315
NeuLANDPla3V-7,13,V,3,7,1,6,1245,3285,1141,3287,1,8,1284,3279,1203,3287,1.0499,3.27989,8.13155,1.04741,0.0661638,481.118,2,1,0,6,1,2,6,2,6,1,11315
NeuLANDPla3V-8,13,V,3,8,1,1,1157,3291,1141,3287,1,0,1251,3284,1203,3287,0.860995,3.26344,8.1849,1.00114,0.0648592,440.014,2,1,15,6,1,2,6,1,6,1,11315
NeuLANDPla3V-9,13,V,3,9,1,4,1222,3283,1141,3287,1,12,1262,3282,1203,3287,1.06351,3.01431,8.16372,1.03324,0.0640301,483.007,2,1,14,6,1,2,6,0,6,1,11315
NeuLANDPla3V-10,13,V,3,10,1,2,1165,3287,1141,3287,1,34,1189,3278,1168,3285,0.851086,3.51842,8.15557,1.02792,0.0638296,397.567,2,1,13,6,1,2,6,15,6,1,11315
NeuLANDPla3V-11,13,V,3,11,1,41,1237,3282,1141,3287,1,13,1281,3269,1168,3285,1.1985,2.97922,8.15864,1.0254,0.0631756,509.823,2,1,12,6,1,2,6,14,6,1,11315
NeuLANDPla3V-12,13,V,3,12,1,6,1174,3289,1141,3287,1,8,1193,3278,1168,3285,0.566086,2.93343,8.20731,1.02402,0.0631794,437.342,2,1,11,6,1,2,6,13,6,1,11315
NeuLANDPla3V-13,13,V,3,13,1,54,1194,3272,1141,3287,1,58,1287,3276,1168,3285,-0.265284,3.68203,8.14126,1.15801,0.0591497,516.89,2,1,10,6,1,2,6,12,6,1,11315
NeuLANDPla3V-14,13,V,3,14,1,21,1179,3284,1141,3287,1,9,1156,3276,1168,3285,0.911545,3.32627,8.14148,1.01304,0.0658243,499.999,2,1,9,6,1,2,6,11,6,1,11315
NeuLANDPla3V-15,13,V,3,15,1,7,1247,3287,1141,3287,1,3,1267,3277,1168,3285,1.01886,3.29597,8.18798,1.06352,0.0673778,509.043,2,1,8,6,1,2,6,10,6,1,11315
NeuLANDPla3V-16,13,V,3,16,1,9,1247,3279,1173,3289,1,26,1192,3274,1168,3285,-0.480221,3.32561,8.20012,1.00798,0.0651259,500.672,2,2,7,6,1,2,6,9,6,1,11315
NeuLANDPla3V-17,13,V,3,17,1,3,1253,3280,1173,3289,1,16,1278,3271,1168,3285,0.0385092,3.31423,8.19962,1.01546,0.0667143,494.212,2,2,6,6,1,2,6,8,6,1,11315
NeuLANDPla3V-18,13,V,3,18,1,2,1144,3281,1173,3289,1,2,1222,3283,1168,3285,-2.01663,3.47519,8.16281,1.00935,0.0660505,402.728,2,2,5,6,1,2,7,7,6,1,11315
NeuLANDPla3V-19,13,V,3,19,1,8,1260,3287,1173,3289,1,4,1239,3276,1168,3285,-1.39311,3.88103,8.14859,0.990707,0.0650775,538.257,2,2,4,6,1,2,7,6,6,1,11315
NeuLANDPla3V-20,13,V,3,20,1,3,1239,3282,1173,3289,1,13,1232,3277,1168,3285,0.256424,3.66128,8.11918,1.0116,0.0675251,486.48,2,2,3,6,1,2,7,5,6,1,11315
NeuLANDPla3V-21,13,V,3,21,1,22,1259,3279,1173,3289,1,46,1250,3278,1168,3285,0.168308,3.54137,8.1272,1.00442,0.0665722,429.552,2,2,2,6,1,2,7,4,6,1,11315
NeuLANDPla3V-22,13,V,3,22,1,2,1202,3283,1173,3289,1,3,1206,3283,1168,3285,-0.271373,3.52645,8.13542,0.988408,0.0658328,582.435,2,2,1,6,1,2,7,3,6,1,11315
NeuLANDPla3V-23,13,V,3,23,1,2,1261,3292,1173,3289,1,3,1201,3275,1168,3285,-0.510379,2.88246,8.19753,1.01974,0.0649706,503.433,2,2,0,6,1,2,7,2,6,1,11315
NeuLANDPla3V-24,13,V,3,24,1,49,1128,3265,1173,3289,1,20,1225,3280,1168,3285,-0.798459,3.139,8.24954,0.994956,0.0658627,517.931,2,2,15,6,1,2,7,1,6,1,11315
NeuLANDPla3V-25,13,V,3,25,1,8,1214,3288,1173,3289,1,2,1214,3279,1168,3285,-0.385693,3.45228,8.17557,1.02919,0.0625,531.654,2,2,14,6,1,2,7,0,6,1,11315
NeuLANDPla3V-26,13,V,3,26,1,2,1140,3272,1173,3289,1,41,1173,3283,1203,3287,-16.0586,11.5755,8.20831,1.00935,0.0646104,527.777,2,2,13,6,1,2,7,15,6,1,11315
NeuLANDPla3V-27,13,V,3,27,1,45,1192,3279,1173,3289,1,24,1221,3280,1203,3287,-16.5736,11.4731,8.13865,1.00066,0.0657946,464.538,2,2,12,6,1,2,7,14,6,1,11315
NeuLANDPla3V-28,13,V,3,28,1,45,1341,3265,1255,3268,1,3,1178,3281,1203,3287,-32.4841,3.52323,8.15365,1.03783,0.0619191,419.223,5,1,7,7,1,2,7,13,6,1,11315
NeuLANDPla3V-29,13,V,3,29,1,23,1261,3269,1255,3268,1,47,1226,3277,1203,3287,-32.6845,2.92805,8.18658,1.01741,0.0640713,470.074,5,1,6,7,1,2,7,12,6,1,11315
NeuLANDPla3V-30,13,V,3,30,1,26,1329,3267,1255,3268,1,71,1253,3271,1161,3279,0.399952,-12.8198,8.1781,1.0518,0.063478,499.972,5,1,5,7,1,5,5,15,7,1,11315
NeuLANDPla3V-31,13,V,3,31,1,45,1250,3270,1255,3268,1,26,1186,3275,1161,3279,0.0555108,-13.4478,8.19085,1.03479,0.0649802,514.41,5,1,4,7,1,5,5,14,7,1,11315
NeuLANDPla3V-32,13,V,3,32,1,69,1276,3265,1255,3268,1,29,1148,3273,1161,3279,0.0761599,-14.019,8.18785,1.04804,0.0662533,510.103,5,1,3,7,1,5,5,13,7,1,11315
NeuLANDPla3V-33,13,V,3,33,1,62,1269,3267,1255,3268,1,42,1232,3285,1161,3279,0.622621,-13.2216,8.16998,1.01396,0.0665182,541.549,5,1,2,7,1,5,5,12,7,1,11315
NeuLANDPla3V-34,13,V,3,34,1,23,1265,3263,1255,3268,1,70,1159,3274,1161,3279,1.18169,-13.2172,8.16384,1.0182,0.0656182,443.348,5,1,1,7,1,5,5,11,7,1,11315
NeuLANDPla3V-35,13,V,3,35,1,42,1246,3272,1255,3268,1,68,1232,3279,1161,3279,0.991342,-13.3089,8.15208,1.01441,0.065086,535.809,5,1,0,7,1,5,5,10,7,1,11315
NeuLANDPla3V-36,13,V,3,36,1,55,1311,3265,1255,3268,1,63,1225,3270,1161,3279,1.06684,-12.7635,8.08639,1.04931,0.0659336,549.095,5,1,15,7,1,5,5,9,7,1,11315
NeuLANDPla3V-37,13,V,3,37,1,71,1356,3258,1255,3268,1,76,1168,3277,1161,3279,-0.627748,-13.6504,8.16753,1.05468,0.0646244,439.703,5,1,14,7,1,5,5,8,7,1,11315
NeuLANDPla3V-38,13,V,3,38,1,20,1302,3265,1255,3268,1,68,1214,3282,1202,3280,7.65049,-16.7594,8.14047,1.01039,0.0664248,454.424,5,1,13,7,1,5,6,7,7,1,11315
NeuLANDPla3V-39,13,V,3,39,1,23,1362,3260,1255,3268,1,73,1267,3280,1202,3280,10.1224,-17.5731,8.14727,1.00671,0.0650717,398.86,5,1,12,7,1,5,6,6,7,1,11315
NeuLANDPla3V-40,13,V,3,40,1,71,1310,3260,1255,3268,1,39,1211,3275,1202,3280,9.02231,-17.3215,8.12908,1.02071,0.0671109,468.014,5,1,11,7,1,5,6,5,7,1,11315
NeuLANDPla3V-41,13,V,3,41,1,35,1359,3263,1255,3268,1,45,1260,3280,1202,3280,8.7846,-17.3499,8.18959,0.999184,0.0661702,400.941,5,1,10,7,1,5,6,4,7,1,11315
NeuLANDPla3V-42,13,V,3,42,1,25,1329,3263,1255,3268,1,55,1189,3281,1202,3280,9.00382,-16.8318,8.15555,1.0121,0.0644844,408.145,5,1,9,7,1,5,6,3,7,1,11315
NeuLANDPla3V-43,13,V,3,43,1,16,1274,3269,1255,3268,1,28,1244,3287,1202,3280,8.01915,-16.1768,8.09443,1.0042,0.0668278,502.043,5,1,8,7,1,5,6,2,7,1,11315
NeuLANDPla3V-44,13,V,3,44,1,31,1232,3267,1121,3273,1,39,1223,3277,1202,3280,-23.1545,-32.7468,8.18481,0.983304,0.0630697,325.427,5,2,7,7,1,5,6,1,7,1,11315
NeuLANDPla3V-45,13,V,3,45,1,29,1202,3273,1121,3273,1,46,1219,3277,1202,3280,-21.0395,-31.7285,8.17485,1.01862,0.0639881,444.827,5,2,6,7,1,5,6,0,7,1,11315
NeuLANDPla3V-46,13,V,3,46,1,48,1205,3265,1121,3273,1,91,1238,3278,1202,3280,-23.6658,-32.457,8.24634,1.00036,0.0658053,450.179,5,2,5,7,1,5,6,15,7,1,11315
NeuLANDPla3V-47,13,V,3,47,1,30,1243,3279,1121,3273,1,46,1278,3273,1202,3280,-21.4472,-32.9265,8.2974,1.00067,0.0629919,348.152,5,2,4,7,1,5,6,14,7,1,11315
NeuLANDPla3V-48,13,V,3,48,1,31,1206,3273,1121,3273,1,93,1215,3274,1202,3280,-22.6384,-32.2106,8.25584,1.0026,0.0670994,332.225,5,2,3,7,1,5,6,13,7,1,11315
NeuLANDPla3V-49,13,V,3,49,1,32,1162,3274,1121,3273,1,37,1270,3280,1202,3280,-22.21,-33.0512,8.39221,0.970236,0.0653586,328.398,5,2,2,7,1,5,6,12,7,1,11315
NeuLANDPla4H-0,13,H,4,0,1,38,1204,3278,1202,3291,1,44,1248,3268,1243,3269,24.4327,-0.111726,8.32008,0.997897,0.06374,260.934,1,2,11,6,0,5,8,1,7,1,11365
NeuLANDPla4H-1,13,H,4,1,1,48,1245,3277,1202,3291,1,38,1233,3273,1243,3269,24.56,-0.452924,8.28514,0.988342,0.0626092,352.717,1,2,10,6,0,5,8,0,7,1,11365
NeuLANDPla4H-2,13,H,4,2,1,2,1272,3277,1202,3291,1,27,1223,3268,1243,3269,24.7395,-0.0696108,8.19545,1.00988,0.0633634,342.219,1,2,9,6,0,5,8,15,7,1,11365
NeuLANDPla4H-3,13,H,4,3,1,6,1233,3280,1202,3291,1,70,1169,3272,1243,3269,25.5478,-0.270901,8.17623,0.994033,0.0628031,337.919,1,2,8,6,0,5,8,14,7,1,11365
NeuLANDPla4H-4,13,H,4,4,1,56,1239,3288,1146,3274,1,33,1234,3267,1243,3269,24.5086,0.0749555,8.15268,1.0025,0.0638551,336.271,1,3,7,6,0,5,8,13,7,1,11365
NeuLANDPla4H-5,13,H,4,5,1,55,1313,3284,1146,3274,1,36,1208,3276,1243,3269,26.8296,-0.0617879,8.17066,1.00803,0.0631651,422.122,1,3,6,6,0,5,8,12,7,1,11365
NeuLANDPla4H-6,13,H,4,6,1,4,1238,3284,1203,3287,1,56,1268,3274,1243,3269,15.5168,-4.96773,8.19031,1.02143,0.0627201,375.408,2,7,9,6,1,5,8,11,7,1,11365
NeuLANDPla4H-7,13,H,4,7,1,2,1253,3276,1146,3274,1,38,1206,3269,1243,3269,25.1745,-0.294162,8.11743,1.01599,0.0620394,408.966,1,3,4,6,0,5,8,10,7,1,11365
NeuLANDPla4H-8,13,H,4,8,1,2,1234,3268,1146,3274,1,33,1284,3261,1243,3269,25.1366,0.376974,8.15184,0.980419,0.0615433,411.422,1,3,3,6,0,5,8,9,7,1,11365
NeuLANDPla4H-9,13,H,4,9,1,2,1296,3275,1146,3274,1,33,1261,3282,1243,3269,25.0967,-0.573845,8.10444,1.00431,0.0643505,420.799,1,3,2,6,0,5,8,8,7,1,11365
NeuLANDPla4H-10,13,H,4,10,1,7,1237,3271,1146,3274,1,50,1352,3265,1243,3272,24.4734,0.27368,8.12081,1.00616,0.0628942,430.045,1,3,1,6,0,5,7,7,7,1,11365
NeuLANDPla4H-11,13,H,4,11,1,3,1256,3287,1146,3274,1,36,1267,3265,1243,3272,25.4583,-0.121464,8.06628,1.00811,0.0629901,413.635,1,3,0,6,0,5,7,6,7,1,11365
NeuLANDPla4H-12,13,H,4,12,1,30,1158,3278,1146,3274,1,74,1392,3261,1243,3272,25.9795,-0.399467,8.09918,1.02135,0.0620389,426.706,1,3,15,6,0,5,7,5,7,1,11365
NeuLANDPla4H-13,13,H,4,13,1,44,1264,3278,1146,3274,1,41,1215,3259,1243,3272,26.0969,-0.343333,8.10134,0.997339,0.0633895,436.62,1,3,14,6,0,5,7,4,7,1,11365
NeuLANDPla4H-14,13,H,4,14,1,2,1152,3272,1146,3274,1,24,1251,3268,1243,3272,25.2119,-0.78434,8.08888,1.01684,0.0623078,435.091,1,3,13,6,0,5,7,3,7,1,11365
NeuLANDPla4H-15,13,H,4,15,1,5,1196,3263,1146,3274,1,36,1270,3279,1243,3272,24.8874,-0.901995,8.09929,0.997691,0.0631262,452.139,1,3,12,6,0,5,7,2,7,1,11365
NeuLANDPla4H-16,13,H,4,16,1,3,1168,3271,1146,3274,1,24,1259,3273,1243,3272,27.1196,-0.132268,8.0948,1.01975,0.0634539,423.486,1,3,11,6,0,5,7,1,7,1,11365
NeuLANDPla4H-17,13,H,4,17,1,53,1299,3282,1146,3274,1,69.793686,1314,3269,1243,3272,25.1043,-0.518201,8.08502,0.99315,0.0621467,477.57,1,3,10,6,0,5,7,0,7,1,11365
NeuLANDPla4H-18,13,H,4,18,1,2,1184,3265,1146,3274,1,68,1207,3281,1243,3272,25.5851,0.110845,8.03996,1.00731,0.0625347,452.513,1,3,9,6,0,5,7,15,7,1,11365
NeuLANDPla4H-19,13,H,4,19,1,3,1259,3279,1146,3274,1,49,1261,3269,1243,3272,25.6924,0.00162942,8.05721,1.00811,0.0638112,461.773,1,3,8,6,0,5,7,14,7,1,11365
NeuLANDPla4H-20,13,H,4,20,1,43,1217,3278,1198,3288,1,78,1243,3270,1243,3272,25.8891,-0.158397,8.08101,0.998662,0.0625769,471.541,1,4,7,6,0,5,7,13,7,1,11365
NeuLANDPla4H-21,13,H,4,21,1,41,1258,3267,1198,3288,1,36,1261,3270,1243,3272,26.456,0.116898,8.05794,0.993007,0.0631974,463.683,1,4,6,6,0,5,7,12,7,1,11365
NeuLANDPla4H-22,13,H,4,22,1,0,1272,3277,1198,3288,1,61,1262,3268,1243,3272,25.1308,0.48796,8.01202,1.00015,0.0639736,484.416,1,4,5,6,0,5,7,11,7,1,11365
NeuLANDPla4H-23,13,H,4,23,1,32,1226,3273,1198,3288,1,20,1309,3266,1243,3272,25.5707,-0.342268,8.09039,0.997076,0.0641336,516.026,1,4,4,6,0,5,7,10,7,1,11365
NeuLANDPla4H-24,13,H,4,24,1,10,1206,3280,1198,3288,1,20,1333,3259,1243,3272,24.2125,0,8.06869,1.00119,0.0631314,517.873,1,4,3,6,0,5,7,9,7,1,11365
NeuLANDPla4H-25,13,H,4,25,1,56,1314,3272,1198,3288,1,22,1258,3262,1243,3272,24.9447,-0.4891,8.04412,1.03307,0.0652071,490.698,1,4,2,6,0,5,7,8,7,1,11365
NeuLANDPla4H-26,13,H,4,26,1,3,1239,3278,1198,3288,1,26,1277,3268,1262,3273,56.3896,-15.6792,8.0372,1.01987,0.0621665,511.033,1,4,1,6,0,6,3,7,7,0,11365
NeuLANDPla4H-27,13,H,4,27,1,1,1312,3272,1198,3288,1,25,1277,3278,1262,3273,56.6968,-16.0376,8.09714,1.01555,0.0620934,401.582,1,4,0,6,0,6,3,6,7,0,11365
NeuLANDPla4H-28,13,H,4,28,1,34,1240,3277,1198,3288,1,71,1239,3271,1262,3273,55.9778,-15.4625,8.05965,1.0035,0.0624639,414.809,1,4,15,6,0,6,3,5,7,0,11365
NeuLANDPla4H-29,13,H,4,29,1,3,1305,3274,1198,3288,1,33,1342,3270,1262,3273,56.4103,-15.8138,8.04231,1.01427,0.0631404,437.758,1,4,14,6,0,6,3,4,7,0,11365
NeuLANDPla4H-30,13,H,4,30,1,4,1178,3277,1198,3288,1,44,1219,3274,1262,3273,56.3482,-15.4959,8.08096,1.01271,0.0629095,464.603,1,4,13,6,0,6,3,3,7,0,11365
NeuLANDPla4H-31,13,H,4,31,1,4,1274,3275,1198,3288,1,47,1262,3258,1262,3273,56.3576,-15.8386,8.11764,1.00812,0.0625283,468.623,1,4,12,6,0,6,3,2,7,0,11365
NeuLANDPla4H-32,13,H,4,32,1,6,1204,3283,1198,3288,1,71,1243,3276,1262,3273,57.7397,-16.2284,8.12398,1.0144,0.0623413,431.661,1,4,11,6,0,6,3,1,7,0,11365
NeuLANDPla4H-33,13,H,4,33,1,4,1284,3270,1198,3288,1,15,1355,3262,1262,3273,56.5365,-16.1144,8.07559,1.01397,0.062278,429.036,1,4,10,6,0,6,3,0,7,0,11365
NeuLANDPla4H-34,13,H,4,34,1,45,1243,3275,1198,3288,1,19,1226,3272,1262,3273,57.13,-15.9125,8.09298,1.01807,0.0614491,414.645,1,4,9,6,0,6,3,15,7,0,11365
NeuLANDPla4H-35,13,H,4,35,1,4,1307,3266,1198,3288,1,20,1299,3265,1262,3273,56.2852,-16.0111,8.13786,1.00765,0.0627286,451.293,1,4,8,6,0,6,3,14,7,0,11365
NeuLANDPla4H-36,13,H,4,36,1,48,1199,3271,1213,3286,1,24,1183,3278,1262,3273,56.3629,-15.6905,8.10533,1.01486,0.0630131,423.004,1,5,7,6,0,6,3,13,7,0,11365
NeuLANDPla4H-37,13,H,4,37,1,26,1306,3271,1213,3286,1,22,1338,3268,1262,3273,58.1339,-16.1898,8.07845,1.00913,0.0619619,401.535,1,5,6,6,0,6,3,12,7,0,11365
NeuLANDPla4H-38,13,H,4,38,1,5,1269,3281,1213,3286,1,53,1210,3277,1262,3273,56.9426,-16.1965,8.10856,1.01046,0.0622062,405.905,1,5,5,6,0,6,3,11,7,0,11365
NeuLANDPla4H-39,13,H,4,39,1,3,1316,3266,1213,3286,1,21,1347,3267,1262,3273,56.5471,-15.5403,8.13409,0.994979,0.062023,411.773,1,5,4,6,0,6,3,10,7,0,11365
NeuLANDPla4H-40,13,H,4,40,1,14,1216,3279,1213,3286,1,62,1236,3262,1262,3273,56.8544,-15.947,8.15179,1.00482,0.0624687,400.439,1,5,3,6,0,6,3,9,7,0,11365
NeuLANDPla4H-41,13,H,4,41,1,6,1307,3267,1213,3286,1,26,1293,3268,1262,3273,56.1614,-15.9079,8.15638,1.01029,0.0626369,471.656,1,5,2,6,0,6,3,8,7,0,11365
NeuLANDPla4H-42,13,H,4,42,1,13,1222,3281,1213,3286,1,11,1282,3282,1282,3280,33.2652,-3.92859,8.11953,1.00963,0.062065,378.336,1,5,1,6,0,6,2,7,7,0,11365
NeuLANDPla4H-43,13,H,4,43,1,4,1312,3266,1213,3286,1,40,1357,3280,1282,3280,33.0748,-4.46461,8.19102,0.998872,0.062123,403.967,1,5,0,6,0,6,2,6,7,0,11365
NeuLANDPla4H-44,13,H,4,44,1,0,1265,3281,1213,3286,1,50,1295,3283,1282,3280,33.8281,-4.06423,8.12645,1.00031,0.0624873,417.629,1,5,15,6,0,6,2,5,7,0,11365
NeuLANDPla4H-45,13,H,4,45,1,4,1279,3271,1213,3286,1,36,1351,3273,1282,3280,34.6224,-4.19547,8.22694,1.00876,0.0634379,449.349,1,5,14,6,0,6,2,4,7,0,11365
NeuLANDPla4H-46,13,H,4,46,1,2,1194,3280,1213,3286,1,42,1220,3276,1282,3280,32.3773,-4.11546,8.17252,0.989274,0.0611856,331.157,1,5,13,6,0,6,2,3,7,0,11365
NeuLANDPla4H-47,13,H,4,47,1,35,1294,3273,1213,3286,1,39,1288,3275,1282,3280,33.4658,-4.49474,8.28244,1.01711,0.0620953,347.48,1,5,12,6,0,6,2,2,7,0,11365
NeuLANDPla4H-48,13,H,4,48,1,2,1268,3272,1213,3286,1,17,1243,3277,1282,3280,33.7225,-4.36523,8.29076,0.989187,0.062016,370.817,1,5,11,6,0,6,2,1,7,0,11365
NeuLANDPla4H-49,13,H,4,49,1,15,1270,3263,1213,3286,1,22,1289,3275,1282,3280,33.6571,-4.54111,8.38186,1.0307,0.0610111,244.424,1,5,10,6,0,6,2,0,7,0,11365
NeuLANDPla5V-0,13,V,5,0,1,2,1202,3278,1141,3288,1,26,1241,3278,1213,3286,-0.108154,12.1624,8.28433,1.05865,0.0601925,265.278,1,1,7,6,0,1,5,9,6,0,11415
NeuLANDPla5V-1,13,V,5,1,1,10,1221,3285,1141,3288,1,2,1318,3269,1213,3286,-0.409256,12.3017,8.19044,1.01623,0.0654438,325.842,1,1,6,6,0,1,5,8,6,0,11415
NeuLANDPla5V-2,13,V,5,2,1,5,1194,3283,1141,3288,1,2,1202,3280,1122,3284,0.198312,12.223,8.20703,1.01528,0.0648884,343.501,1,1,5,6,0,1,6,7,6,0,11415
NeuLANDPla5V-3,13,V,5,3,1,21,1240,3281,1141,3288,1,4,1238,3281,1122,3284,-0.916863,12.2029,8.16256,0.999246,0.06679,382.904,1,1,4,6,0,1,6,6,6,0,11415
NeuLANDPla5V-4,13,V,5,4,1,8,1159,3282,1141,3288,1,43,1217,3282,1122,3284,-0.393869,11.3877,8.1695,1.00059,0.0642079,346.322,1,1,3,6,0,1,6,5,6,0,11415
NeuLANDPla5V-5,13,V,5,5,1,2,1231,3279,1141,3288,1,2,1248,3288,1122,3284,-1.25584,11.7411,8.13337,0.946903,0.0608022,341.131,1,1,2,6,0,1,6,4,6,0,11415
NeuLANDPla5V-6,13,V,5,6,1,17,1225,3282,1141,3288,1,60,1177,3275,1122,3284,-0.26168,11.7442,8.15003,1.0153,0.0658326,399.553,1,1,1,6,0,1,6,3,6,0,11415
NeuLANDPla5V-7,13,V,5,7,1,2,1230,3283,1141,3288,1,2,1255,3282,1122,3284,-0.403954,11.7577,8.14463,1.00568,0.0643326,398.848,1,1,0,6,0,1,6,2,6,0,11415
NeuLANDPla5V-8,13,V,5,8,1,0,1122,3284,1141,3288,1,6,1161,3282,1122,3284,-0.137859,12.2443,8.13423,0.998938,0.0674577,427.087,1,1,15,6,0,1,6,1,6,0,11415
NeuLANDPla5V-9,13,V,5,9,1,42,1208,3286,1141,3288,1,0,1254,3280,1122,3284,-0.665356,12.2211,8.11115,0.980608,0.0639049,399.284,1,1,14,6,0,1,6,0,6,0,11415
NeuLANDPla5V-10,13,V,5,10,1,31,1259,3278,1203,3287,1,41,1168,3278,1122,3284,-28.241,-2.31902,8.1259,1.03123,0.0656276,385.431,2,7,8,6,1,1,6,15,6,0,11415
NeuLANDPla5V-11,13,V,5,11,1,10,1187,3285,1141,3288,1,3,1227,3283,1122,3284,-0.365599,12.0337,8.15575,0.997784,0.0656431,423.354,1,1,12,6,0,1,6,14,6,0,11415
NeuLANDPla5V-12,13,V,5,12,1,4,1207,3281,1141,3288,1,2,1159,3279,1122,3284,-0.0260775,12.6025,8.12748,1.0041,0.0656224,412.748,1,1,11,6,0,1,6,13,6,0,11415
NeuLANDPla5V-13,13,V,5,13,1,21,1203,3283,1141,3288,1,5,1243,3278,1122,3284,-0.165231,12.1368,8.11676,1.00446,0.065645,427.842,1,1,10,6,0,1,6,12,6,0,11415
NeuLANDPla5V-14,13,V,5,14,1,34,1172,3278,1141,3288,1,35,1155,3276,1122,3284,-0.0830321,12.8453,8.11637,1.02995,0.0662708,436.161,1,1,9,6,0,1,6,11,6,0,11415
NeuLANDPla5V-15,13,V,5,15,1,1,1226,3285,1141,3288,1,2,1248,3288,1122,3284,0.61446,12.5451,8.11149,0.996446,0.0647565,425.79,1,1,8,6,0,1,6,10,6,0,11415
NeuLANDPla5V-16,13,V,5,16,1,40,1256,3283,1202,3291,1,4,1252,3280,1122,3284,0.0351111,12.6457,8.09604,1.0036,0.0651745,408.086,1,2,7,6,0,1,6,9,6,0,11415
NeuLANDPla5V-17,13,V,5,17,1,5,1234,3277,1202,3291,1,50,1247,3285,1122,3284,1.10734,12.4584,8.14095,1.01841,0.065449,442.731,1,2,6,6,0,1,6,8,6,0,11415
NeuLANDPla5V-18,13,V,5,18,1,4,1265,3280,1202,3291,1,9,1289,3279,1096,3281,-0.415711,12.5238,8.12172,0.997417,0.0667981,421.629,1,2,5,6,0,1,7,7,6,0,11415
NeuLANDPla5V-19,13,V,5,19,1,13,1252,3278,1202,3291,1,13,1288,3275,1096,3281,-0.074978,12.6272,8.0861,1.0023,0.0656735,455.643,1,2,4,6,0,1,7,6,6,0,11415
NeuLANDPla5V-20,13,V,5,20,1,2,1259,3282,1202,3291,1,28,1186,3276,1096,3281,1.17228,11.9739,8.12193,0.996139,0.066398,465.836,1,2,3,6,0,1,7,5,6,0,11415
NeuLANDPla5V-21,13,V,5,21,1,11,1274,3285,1202,3291,1,11,1315,3273,1096,3281,0.815842,12.6662,8.21296,1.00341,0.0646342,486.122,1,2,2,6,0,1,7,4,6,0,11415
NeuLANDPla5V-22,13,V,5,22,1,2,1253,3281,1202,3291,1,19,1266,3278,1096,3281,0.370787,12.7651,8.14429,1.00175,0.0652893,457.323,1,2,1,6,0,1,7,3,6,0,11415
NeuLANDPla5V-23,13,V,5,23,1,2,1262,3278,1202,3291,1,10,1275,3278,1096,3281,0.978324,12.439,8.1735,0.998521,0.0653572,503.537,1,2,0,6,0,1,7,2,6,0,11415
NeuLANDPla5V-24,13,V,5,24,1,3,1250,3275,1202,3291,1,11,1270,3281,1096,3281,1.85462,11.9212,8.19238,0.99434,0.0648384,486.544,1,2,15,6,0,1,7,1,6,0,11415
NeuLANDPla5V-25,13,V,5,25,1,2,1228,3279,1202,3291,1,18,1285,3274,1096,3281,-1.42312,12.3791,8.13166,1.0054,0.0648894,462.048,1,2,14,6,0,1,7,0,6,0,11415
NeuLANDPla5V-26,13,V,5,26,1,10,1213,3278,1202,3291,1,12,1183,3276,1096,3281,-21.2116,22.6948,8.16758,1.0324,0.0649253,478.454,1,2,13,6,0,1,7,15,6,0,11415
NeuLANDPla5V-27,13,V,5,27,1,10,1247,3278,1202,3291,1,44,1247,3275,1096,3281,-21.3735,23.4248,8.13891,1.00078,0.0644576,467.067,1,2,12,6,0,1,7,14,6,0,11415
NeuLANDPla5V-28,13,V,5,28,1,31,1342,3269,1313,3275,1,15,1179,3279,1096,3281,-46.4519,10.1943,8.1266,0.959408,0.0628881,463.97,5,9,7,7,1,1,7,13,6,0,11415
NeuLANDPla5V-29,13,V,5,29,1,76,1272,3266,1313,3275,1,38,1226,3279,1096,3281,-45.9921,10.6677,8.18802,1.0048,0.0663608,444.524,5,9,6,7,1,1,7,12,6,0,11415
NeuLANDPla5V-30,13,V,5,30,1,36,1328,3273,1313,3275,1,14,1222,3281,1282,3280,8.98606,-16.972,8.09556,1.00982,0.0653582,440.191,5,9,5,7,1,6,2,15,7,0,11415
NeuLANDPla5V-31,13,V,5,31,1,42,1291,3265,1313,3275,1,44,1235,3285,1282,3280,7.96699,-16.6301,8.09352,1.01213,0.0668861,425.132,5,9,4,7,1,6,2,14,7,0,11415
NeuLANDPla5V-32,13,V,5,32,1,19,1335,3272,1313,3275,1,22,1212,3281,1282,3280,7.33199,-16.5696,8.09231,0.995809,0.0669245,418.6,5,9,3,7,1,6,2,13,7,0,11415
NeuLANDPla5V-33,13,V,5,33,1,2,1331,3273,1313,3275,1,14,1251,3281,1282,3280,7.68439,-17.0147,8.1505,0.993519,0.0647725,442.287,5,9,2,7,1,6,2,12,7,0,11415
NeuLANDPla5V-34,13,V,5,34,1,25,1355,3263,1313,3275,1,26,1218,3281,1282,3280,8.64317,-16.4489,8.13817,0.972468,0.0689515,380.321,5,9,1,7,1,6,2,11,7,0,11415
NeuLANDPla5V-35,13,V,5,35,1,23.359529,1288,3277,1313,3275,1,28,1268,3280,1282,3280,6.68682,-17.012,8.10865,1.0015,0.0659369,406.419,5,9,0,7,1,6,2,10,7,0,11415
NeuLANDPla5V-36,13,V,5,36,1,31,1327,3262,1313,3275,1,15,1251,3281,1282,3280,8.83661,-16.6748,8.13747,0.997318,0.0646564,367.797,5,9,15,7,1,6,2,9,7,0,11415
NeuLANDPla5V-37,13,V,5,37,1,58,1219,3276,1313,3275,1,72,1254,3274,1282,3280,8.3321,-17.1703,8.10748,1.02087,0.065379,386.233,5,9,14,7,1,6,2,8,7,0,11415
NeuLANDPla5V-38,13,V,5,38,1,23,1400,3269,1313,3275,1,34.141533,1246,3285,1206,3276,31.4091,-28.2794,8.10136,1.02055,0.0639923,403.459,5,9,13,7,1,6,1,7,7,0,11415
NeuLANDPla5V-39,13,V,5,39,1,71,1211,3268,1313,3275,1,17.23531,1134,3277,1206,3276,31.2539,-28.1555,8.1263,0.988974,0.0666964,389.481,5,9,12,7,1,6,1,6,7,0,11415
NeuLANDPla5V-40,13,V,5,40,1,32,1396,3263,1313,3275,1,24.185471,1235,3279,1206,3276,31.7567,-27.7258,8.08865,1.01458,0.064988,411.667,5,9,11,7,1,6,1,5,7,0,11415
NeuLANDPla5V-41,13,V,5,41,1,50,1256,3271,1313,3275,1,45.307583,1142,3274,1206,3276,30.8361,-27.7808,8.13363,1.00869,0.065095,441.609,5,9,10,7,1,6,1,4,7,0,11415
NeuLANDPla5V-42,13,V,5,42,1,32,1314,3261,1313,3275,1,24.216619,1238,3278,1206,3276,32.2183,-28.1968,8.18307,0.98778,0.0662715,432.791,5,9,9,7,1,6,1,3,7,0,11415
NeuLANDPla5V-43,13,V,5,43,1,33,1290,3274,1313,3275,1,45.065079,1164,3272,1206,3276,31.1699,-28.1254,8.11331,1.01015,0.0632969,344.306,5,9,8,7,1,6,1,2,7,0,11415
NeuLANDPla5V-44,13,V,5,44,1,32,1291,3262,1243,3269,1,25.320505,1231,3278,1206,3276,31.8445,-28.6752,8.15887,0.97213,0.0647748,325.664,5,8,7,7,1,6,1,1,7,0,11415
NeuLANDPla5V-45,13,V,5,45,1,33,1272,3277,1243,3269,1,25.20249,1189,3274,1206,3276,32.0191,-28.3529,8.12862,0.988776,0.0644306,333.653,5,8,6,7,1,6,1,0,7,0,11415
NeuLANDPla5V-46,13,V,5,46,1,38,1282,3270,1243,3269,1,23.936026,1229,3279,1206,3276,31.4428,-28.6031,8.17251,0.980956,0.0646792,346.825,5,8,5,7,1,6,1,15,7,0,11415
NeuLANDPla5V-47,13,V,5,47,1,80,1254,3279,1243,3269,1,62.181671,1148,3277,1206,3276,31.0354,-28.0214,8.15518,1.00006,0.0666146,347.849,5,8,4,7,1,6,1,14,7,0,11415
NeuLANDPla5V-48,13,V,5,48,1,63,1269,3271,1243,3269,1,64.255997,1239,3273,1206,3276,31.5136,-28.7519,8.20849,0.988453,0.0668166,325.225,5,8,3,7,1,6,1,13,7,0,11415
NeuLANDPla5V-49,13,V,5,49,1,29,1226,3271,1243,3269,1,17.975746,1141,3278,1206,3276,30.1883,-28.6651,8.3493,0.971862,0.0663871,268.409,5,8,2,7,1,6,1,12,7,0,11415
NeuLANDPla6H-0,13,H,6,0,1,3,1206,3286,1195,3287,1,59,1238,3269,1257,3269,-17.5101,11.8366,8.21756,1.0338,0.0522688,179.841,3,3,11,5,0,1,7,10,6,0,11465
NeuLANDPla6H-1,13,H,6,1,1,32,1178,3280,1195,3287,1,76,1346,3269,1257,3269,22.5407,-7.58873,8.12487,0.973825,0.049691,216.218,3,3,10,5,0,6,8,0,7,0,11465
NeuLANDPla6H-2,13,H,6,2,1,46,1249,3280,1195,3287,1,43,1226,3277,1257,3269,22.2179,-7.28988,8.03964,0.987812,0.0515477,204.139,3,3,9,5,0,6,8,15,7,0,11465
NeuLANDPla6H-3,13,H,6,3,1,3,1173,3276,1195,3287,1,40,1288,3278,1257,3269,22.108,-7.34478,8.00538,1.01401,0.0556855,253.811,3,3,8,5,0,6,8,14,7,0,11465
NeuLANDPla6H-4,13,H,6,4,1,75,1197,3278,1159,3289,1,37,1241,3276,1257,3269,22.128,-7.56195,8.05705,0.980849,0.0549059,231.672,3,4,7,5,0,6,8,13,7,0,11465
NeuLANDPla6H-5,13,H,6,5,1,3,1164,3271,1159,3289,1,38,1216,3272,1257,3269,23.1813,-7.83836,8.16878,1.03011,0.0577399,244.423,3,4,6,5,0,6,8,12,7,0,11465
NeuLANDPla6H-6,13,H,6,6,1,21,1194,3285,1159,3289,1,100,1211,3271,1257,3269,22.795,-7.97205,8.14774,1.05206,0.0558408,244.42,3,4,5,5,0,6,8,11,7,0,11465
NeuLANDPla6H-7,13,H,6,7,1,2,1280,3278,1159,3289,1,79,1274,3271,1257,3269,22.7398,-7.75694,8.10613,1.03347,0.0616068,320.643,3,4,4,5,0,6,8,10,7,0,11465
NeuLANDPla6H-8,13,H,6,8,1,1,1224,3280,1159,3289,1,37,1297,3272,1257,3269,21.9882,-7.57364,8.0913,0.95758,0.0588199,236.997,3,4,3,5,0,6,8,9,7,0,11465
NeuLANDPla6H-9,13,H,6,9,1,22,1151,3270,1159,3289,1,46,1261,3264,1257,3269,20.971,-8.11468,8.11175,0.98379,0.0622832,350.432,3,4,2,5,0,6,8,8,7,0,11465
NeuLANDPla6H-10,13,H,6,10,1,76,1229,3281,1159,3289,1,29.1371,1270,3272,1268,3271,24.698,-8.9015,8.01214,1.0161,0.0578473,250.47,3,4,1,5,0,6,7,7,7,0,11465
NeuLANDPla6H-11,13,H,6,11,1,8,1209,3271,1159,3289,1,36,1261,3268,1268,3271,24.2151,-9.07889,8.09853,0.998338,0.0551903,274.922,3,4,0,5,0,6,7,6,7,0,11465
NeuLANDPla6H-12,13,H,6,12,1,3,1163,3289,1159,3289,1,32,1269,3263,1268,3271,26.2913,-9.37997,8.12707,1.01723,0.0596007,347.127,3,4,15,5,0,6,7,5,7,0,11465
NeuLANDPla6H-13,13,H,6,13,1,12,1188,3272,1159,3289,1,62.000645,1294,3268,1268,3271,25.2822,-8.92763,8.07577,1.00945,0.0613913,348.006,3,4,14,5,0,6,7,4,7,0,11465
NeuLANDPla6H-14,13,H,6,14,1,59,1162,3287,1159,3289,1,57.000263,1273,3264,1268,3271,24.1012,-9.3516,8.0969,1.07165,0.0574127,288.265,3,4,13,5,0,6,7,3,7,0,11465
NeuLANDPla6H-15,13,H,6,15,1,3,1193,3277,1159,3289,1,61.018284,1280,3269,1268,3271,25.0357,-8.93363,8.14738,1.0125,0.0620625,352.056,3,4,12,5,0,6,7,2,7,0,11465
NeuLANDPla6H-16,13,H,6,16,1,60,1208,3284,1159,3289,1,46.039486,1274,3267,1268,3271,25.0959,-9.41312,8.13361,1.05523,0.0630189,346.637,3,4,11,5,0,6,7,1,7,0,11465
NeuLANDPla6H-17,13,H,6,17,1,60,1195,3279,1159,3289,1,38.049561,1251,3267,1268,3271,24.9702,-9.12721,8.05203,0.991025,0.0586983,309.677,3,4,10,5,0,6,7,0,7,0,11465
NeuLANDPla6H-18,13,H,6,18,1,90,1202,3278,1159,3289,1,86.957954,1236,3272,1268,3271,24.7908,-8.99645,8.09101,1.00948,0.0610832,382.867,3,4,9,5,0,6,7,15,7,0,11465
NeuLANDPla6H-19,13,H,6,19,1,1,1257,3275,1159,3289,1,75.929169,1144,3269,1268,3271,25.2768,-9.31677,8.09952,1.00524,0.0599394,344.83,3,4,8,5,0,6,7,14,7,0,11465
NeuLANDPla6H-20,13,H,6,20,1,14,1161,3271,1220,3290,1,77.607452,1285,3262,1268,3271,25.0731,-8.92816,8.03645,0.984161,0.0618774,409.822,3,5,7,5,0,6,7,13,7,0,11465
NeuLANDPla6H-21,13,H,6,21,1,30,1204,3279,1220,3290,1,43.75251,1259,3274,1268,3271,25.781,-9.35015,8.05068,1.01024,0.0589388,345.914,3,5,6,5,0,6,7,12,7,0,11465
NeuLANDPla6H-22,13,H,6,22,1,11,1253,3282,1220,3290,1,31.529757,1272,3263,1268,3271,25.2986,-9.07745,8.08548,1.0226,0.0600292,300.264,3,5,5,5,0,6,7,11,7,0,11465
NeuLANDPla6H-23,13,H,6,23,1,13,1199,3280,1220,3290,1,48.002068,1164,3266,1268,3271,25.477,-9.50495,8.08907,1.01983,0.0603879,410.251,3,5,4,5,0,6,7,10,7,0,11465
NeuLANDPla6H-24,13,H,6,24,1,15,1181,3275,1220,3290,1,61.023415,1247,3264,1268,3271,24.1253,-9.24091,8.11237,1.00665,0.0598594,345.453,3,5,3,5,0,6,7,9,7,0,11465
NeuLANDPla6H-25,13,H,6,25,1,6,1217,3279,1220,3290,1,40.307545,1192,3267,1268,3271,25.1783,-9.1612,8.10821,1.01909,0.0617244,403.883,3,5,2,5,0,6,7,8,7,0,11465
NeuLANDPla6H-26,13,H,6,26,1,36,1166,3280,1220,3290,1,34,1259,3269,1248,3278,46.8093,-20.231,8.08338,1.01248,0.0625386,350.048,3,5,1,5,0,6,6,7,7,0,11465
NeuLANDPla6H-27,13,H,6,27,1,55,1221,3277,1220,3290,1,38,1283,3273,1248,3278,46.2538,-20.678,8.09811,0.971075,0.0605901,434.687,3,5,0,5,0,6,6,6,7,0,11465
NeuLANDPla6H-28,13,H,6,28,1,36,1212,3288,1220,3290,1,32,1335,3265,1248,3278,47.364,-20.8442,8.11627,0.949066,0.0611331,315.467,3,5,15,5,0,6,6,5,7,0,11465
NeuLANDPla6H-29,13,H,6,29,1,12,1173,3282,1220,3290,1,30,1310,3279,1248,3278,45.5695,-20.6402,8.07858,0.961479,0.0594077,385.591,3,5,14,5,0,6,6,4,7,0,11465
NeuLANDPla6H-30,13,H,6,30,1,9,1193,3281,1220,3290,1,30,1243,3266,1248,3278,47.293,-20.0655,8.08999,0.989723,0.0609041,339.533,3,5,13,5,0,6,6,3,7,0,11465
NeuLANDPla6H-31,13,H,6,31,1,54,1178,3280,1220,3290,1,77,1338,3275,1248,3278,47.0979,-20.5751,8.17701,0.994205,0.0617208,388.671,3,5,12,5,0,6,6,2,7,0,11465
NeuLANDPla6H-32,13,H,6,32,1,2,1164,3282,1220,3290,1,28,1241,3266,1248,3278,47.8464,-20.4648,8.05663,0.994736,0.059247,313.653,3,5,11,5,0,6,6,1,7,0,11465
NeuLANDPla6H-33,13,H,6,33,1,14,1148,3283,1220,3290,1,17,1309,3277,1248,3278,46.0787,-20.9327,8.12484,0.997432,0.0601972,328.196,3,5,10,5,0,6,6,0,7,0,11465
NeuLANDPla6H-34,13,H,6,34,1,61,1167,3275,1220,3290,1,63,1246,3278,1248,3278,47.1542,-20.1671,8.06433,0.991209,0.0619646,413.949,3,5,9,5,0,6,6,15,7,0,11465
NeuLANDPla6H-35,13,H,6,35,1,10,1157,3279,1220,3290,1,69,1259,3273,1248,3278,46.5083,-20.6586,8.02763,0.990522,0.0584502,319.928,3,5,8,5,0,6,6,14,7,0,11465
NeuLANDPla6H-36,13,H,6,36,1,41,1215,3283,1206,3290,1,36,1351,3273,1248,3278,48.7897,-19.839,8.04181,1.0314,0.0621292,359.914,3,6,7,5,0,6,6,13,7,0,11465
NeuLANDPla6H-37,13,H,6,37,1,5,1200,3281,1206,3290,1,50,1250,3278,1248,3278,48.9033,-20.1264,8.00435,1.04386,0.0630513,366.661,3,6,6,5,0,6,6,12,7,0,11465
NeuLANDPla6H-38,13,H,6,38,1,3,1235,3283,1206,3290,1,13,1319,3265,1248,3278,47.5212,-19.7147,7.96476,0.982005,0.0603738,339.774,3,6,5,5,0,6,6,11,7,0,11465
NeuLANDPla6H-39,13,H,6,39,1,3,1192,3282,1206,3290,1,21,1316,3275,1248,3278,47.3516,-20.1969,8.09575,0.982011,0.0606261,344.318,3,6,4,5,0,6,6,10,7,0,11465
NeuLANDPla6H-40,13,H,6,40,1,3,1269,3282,1206,3290,1,41,1273,3268,1248,3278,47.2881,-19.9258,8.11146,0.983791,0.0624156,373.208,3,6,3,5,0,6,6,9,7,0,11465
NeuLANDPla6H-41,13,H,6,41,1,2,1186,3281,1206,3290,1,53,1233,3274,1248,3278,46.7536,-20.2716,8.10066,1.01178,0.0631794,329.63,3,6,2,5,0,6,6,8,7,0,11465
NeuLANDPla6H-42,13,H,6,42,1,7,1237,3285,1206,3290,1,2,1256,3272,1155,3265,47.8867,-20.1606,8.02252,1.02396,0.0578245,256.172,3,6,1,5,0,6,5,7,7,0,11465
NeuLANDPla6H-43,13,H,6,43,1,0,1278,3284,1206,3290,1,64,1250,3272,1155,3265,47.6422,-20.5603,8.08994,0.982468,0.0599324,298.781,3,6,0,5,0,6,5,6,7,0,11465
NeuLANDPla6H-44,13,H,6,44,1,3,1211,3285,1206,3290,1,18,1240,3273,1155,3265,48.0058,-20.7625,8.07074,0.998447,0.0566,255.06,3,6,15,5,0,6,5,5,7,0,11465
NeuLANDPla6H-45,13,H,6,45,1,24,1165,3282,1206,3290,1,8,1265,3278,1155,3265,47.7624,-20.3522,8.11687,0.964938,0.0630008,409.208,3,6,14,5,0,6,5,4,7,0,11465
NeuLANDPla6H-46,13,H,6,46,1,12,1207,3283,1206,3290,1,12,1253,3280,1155,3265,47.9568,-20.455,8.12403,1.02214,0.0543629,219.832,3,6,13,5,0,6,5,3,7,0,11465
NeuLANDPla6H-47,13,H,6,47,1,56,1192,3281,1206,3290,1,10,1290,3275,1155,3265,47.9725,-20.8377,8.16479,0.991931,0.0518251,219.619,3,6,12,5,0,6,5,2,7,0,11465
NeuLANDPla6H-48,13,H,6,48,1,2,1236,3284,1206,3290,1,39,1271,3280,1155,3265,48.3905,-20.263,8.20188,1.0352,0.0498188,210.478,3,6,11,5,0,6,5,1,7,0,11465
NeuLANDPla6H-49,13,H,6,49,1,9,1075,3276,1206,3290,1,15,1275,3284,1155,3265,49.1544,-20.974,8.28486,1.04001,0.0478427,182.215,3,6,10,5,0,6,5,0,7,0,11465
NeuLANDPla7V-0,13,V,7,0,1,5,1114,3276,1140,3279,1,3,1252,3277,1206,3290,0.335831,2.98594,8.48136,1.05981,0.0615572,337.369,3,2,7,5,0,3,6,9,5,0,11515
NeuLANDPla7V-1,13,V,7,1,1,7,1245,3282,1140,3279,1,27,1187,3277,1206,3290,1.49792,3.12185,8.45765,0.958087,0.0649171,200.617,3,2,6,5,0,3,6,8,5,0,11515
NeuLANDPla7V-2,13,V,7,2,1,12,1182,3281,1140,3279,1,50,1223,3263,1148,3287,-0.394103,3.44392,8.3468,0.994842,0.0614718,193.782,3,2,5,5,0,3,7,7,5,0,11515
NeuLANDPla7V-3,13,V,7,3,1,43,1292,3274,1140,3279,1,63,1229,3280,1148,3287,1.11311,3.43494,8.41171,1.05148,0.0576405,204.452,3,2,4,5,0,3,7,6,5,0,11515
NeuLANDPla7V-4,13,V,7,4,1,0,1155,3275,1140,3279,1,15,1245,3274,1148,3287,-0.461553,3.01296,8.47169,1.00978,0.0611113,200.771,3,2,3,5,0,3,7,5,5,0,11515
NeuLANDPla7V-5,13,V,7,5,1,33,1266,3269,1140,3279,1,57,1282,3280,1148,3287,0.931651,2.96701,8.46651,1.01107,0.0602041,215.528,3,2,2,5,0,3,7,4,5,0,11515
NeuLANDPla7V-6,13,V,7,6,1,11,1268,3275,1140,3279,1,29,1213,3279,1148,3287,1.34651,3.39142,8.45043,1.07589,0.0586436,223.284,3,2,1,5,0,3,7,3,5,0,11515
NeuLANDPla7V-7,13,V,7,7,1,4,1254,3266,1140,3279,1,2,1241,3278,1148,3287,1.00381,2.40272,8.53139,1.0357,0.0625747,290.991,3,2,0,5,0,3,7,2,5,0,11515
NeuLANDPla7V-8,13,V,7,8,1,2,1123,3279,1140,3279,1,29,1268,3281,1148,3287,0.535797,3.23887,8.53334,1.04548,0.0550038,234.564,3,2,15,5,0,3,7,1,5,0,11515
NeuLANDPla7V-9,13,V,7,9,1,6,1239,3271,1140,3279,1,55,1269,3278,1148,3287,0.61365,3.45505,8.58205,1.00711,0.0631055,290.721,3,2,14,5,0,3,7,0,5,0,11515
NeuLANDPla7V-10,13,V,7,10,1,5,1116,3277,1140,3279,1,48,1190,3272,1148,3287,-0.715132,2.76337,8.46458,0.982594,0.0640851,301.112,3,2,13,5,0,3,7,15,5,0,11515
NeuLANDPla7V-11,13,V,7,11,1,8,1255,3268,1140,3279,1,26,1231,3281,1148,3287,-0.112514,3.13084,8.47556,0.997818,0.0633877,287.825,3,2,12,5,0,3,7,14,5,0,11515
NeuLANDPla7V-12,13,V,7,12,1,5,1132,3278,1140,3279,1,60,1137,3282,1148,3287,0.821001,2.78191,8.58547,0.951663,0.0602453,241.453,3,2,11,5,0,3,7,13,5,0,11515
NeuLANDPla7V-13,13,V,7,13,1,20,1247,3265,1140,3279,1,43,1247,3278,1148,3287,0.218347,3.37868,8.57329,0.990739,0.0621577,282.934,3,2,10,5,0,3,7,12,5,0,11515
NeuLANDPla7V-14,13,V,7,14,1,2,1268,3273,1140,3279,1,3,1188,3266,1148,3287,1.22174,3.46628,8.50343,1.034,0.0640842,315.921,3,2,9,5,0,3,7,11,5,0,11515
NeuLANDPla7V-15,13,V,7,15,1,8,1265,3271,1140,3279,1,3,1238,3282,1148,3287,0.23267,3.47804,8.58929,1.01076,0.0651248,427.431,3,2,8,5,0,3,7,10,5,0,11515
NeuLANDPla7V-16,13,V,7,16,1,34,1218,3286,1195,3287,1,13,1212,3279,1148,3287,0.830877,3.13829,8.59703,0.974522,0.064022,437.695,3,3,7,5,0,3,7,9,5,0,11515
NeuLANDPla7V-17,13,V,7,17,1,23,1196,3279,1195,3287,1,10,1260,3280,1148,3287,1.66731,3.19201,8.56698,1.02189,0.0639805,343.386,3,3,6,5,0,3,7,8,5,0,11515
NeuLANDPla7V-18,13,V,7,18,1,49,1249,3285,1195,3287,1,31,1169,3277,1098,3288,-0.237583,3.98049,8.55548,1.1146,0.0653585,439.243,3,3,5,5,0,3,8,7,5,0,11515
NeuLANDPla7V-19,13,V,7,19,1,16,1197,3279,1195,3287,1,9,1256,3286,1098,3288,0.590299,3.26367,8.59053,1.01884,0.0656699,405.68,3,3,4,5,0,3,8,6,5,0,11515
NeuLANDPla7V-20,13,V,7,20,1,38,1271,3281,1195,3287,1,11,1172,3276,1098,3288,-0.122235,4.03938,8.54937,1.02323,0.0653011,454.334,3,3,3,5,0,3,8,5,5,0,11515
NeuLANDPla7V-21,13,V,7,21,1,14,1198,3279,1195,3287,1,32,1213,3278,1098,3288,-0.645154,3.616,8.57121,1.0971,0.0667168,439.248,3,3,2,5,0,3,8,4,5,0,11515
NeuLANDPla7V-22,13,V,7,22,1,4,1229,3280,1195,3287,1,22,1153,3278,1098,3288,-0.776676,3.45025,8.61685,1.0457,0.065551,460.325,3,3,1,5,0,3,8,3,5,0,11515
NeuLANDPla7V-23,13,V,7,23,1,13,1197,3281,1195,3287,1,14,1204,3284,1098,3288,-1.5821,4.31004,8.56815,1.02776,0.0668037,504.211,3,3,0,5,0,3,8,2,5,0,11515
NeuLANDPla7V-24,13,V,7,24,1,31,1244,3278,1195,3287,1,8,1145,3282,1098,3288,-0.978491,3.44277,8.52113,1.01783,0.0644314,467.973,3,3,15,5,0,3,8,1,5,0,11515
NeuLANDPla7V-25,13,V,7,25,1,4,1169,3283,1195,3287,1,4,1167,3283,1098,3288,-0.302593,3.52031,8.61533,1.01329,0.0655311,477.905,3,3,14,5,0,3,8,0,5,0,11515
NeuLANDPla7V-26,13,V,7,26,1,7,1230,3286,1195,3287,1,24,1132,3284,1098,3288,-0.456463,2.29392,8.58352,1.0393,0.0655583,365.539,3,3,13,5,0,3,8,15,5,0,11515
NeuLANDPla7V-27,13,V,7,27,1,2,1178,3285,1195,3287,1,31,1140,3277,1098,3288,-1.2261,3.34644,8.67084,1.032,0.0647212,336.497,3,3,12,5,0,3,8,14,5,0,11515
NeuLANDPla7V-28,13,V,7,28,1,56,1297,3268,1272,3271,1,40,1125,3275,1098,3288,-22.3529,-6.9835,8.57952,1.04818,0.0615335,435.804,6,9,7,7,0,3,8,13,5,0,11515
NeuLANDPla7V-29,13,V,7,29,1,40,1313,3279,1272,3271,1,10,1128,3275,1098,3288,-22.626,-7.78048,8.60151,0.99712,0.0634709,455.316,6,9,6,7,0,3,8,12,5,0,11515
NeuLANDPla7V-30,13,V,7,30,1,57.575451,1329,3272,1272,3271,1,19,1158,3274,1155,3265,25.1868,-31.9555,8.57105,1.02148,0.0609968,388.111,6,9,5,7,0,6,5,15,7,0,11515
NeuLANDPla7V-31,13,V,7,31,1,91,1321,3273,1272,3271,1,18,1274,3286,1155,3265,23.8198,-32.0884,8.49974,0.975261,0.0649537,355.542,6,9,4,7,0,6,5,14,7,0,11515
NeuLANDPla7V-32,13,V,7,32,1,58,1304,3275,1272,3271,1,38,1239,3287,1155,3265,24.696,-31.2396,8.56784,0.970455,0.0652574,436.351,6,9,3,7,0,6,5,13,7,0,11515
NeuLANDPla7V-33,13,V,7,33,1,59,1329,3274,1272,3271,1,7,1253,3279,1155,3265,24.0754,-32.1052,8.5613,0.976772,0.0638595,445.915,6,9,2,7,0,6,5,12,7,0,11515
NeuLANDPla7V-34,13,V,7,34,1,36,1288,3271,1272,3271,1,3,1177,3267,1155,3265,25.8887,-31.7288,8.49518,0.982426,0.0632993,435.931,6,9,1,7,0,6,5,11,7,0,11515
NeuLANDPla7V-35,13,V,7,35,1,35,1373,3272,1272,3271,1,56,1239,3276,1155,3265,25.4237,-31.1596,8.36574,0.974465,0.0637499,316.298,6,9,0,7,0,6,5,10,7,0,11515
NeuLANDPla7V-36,13,V,7,36,1,34,1268,3278,1272,3271,1,9,1232,3270,1155,3265,26.1646,-31.5158,8.42172,0.980556,0.0620541,309.033,6,9,15,7,0,6,5,9,7,0,11515
NeuLANDPla7V-37,13,V,7,37,1,38,1343,3277,1272,3271,1,12,1310,3283,1155,3265,25.001,-31.2967,8.44004,0.956911,0.0602975,259.612,6,9,14,7,0,6,5,8,7,0,11515
NeuLANDPla7V-38,13,V,7,38,1,44,1266,3276,1272,3271,1,40,1151,3265,1135,3267,26.7718,-31.7502,8.44139,1.01264,0.0613067,319.619,6,9,13,7,0,6,4,7,7,0,11515
NeuLANDPla7V-39,13,V,7,39,1,38,1334,3278,1272,3271,1,24,1156,3276,1135,3267,25.2995,-31.2504,8.39382,0.991614,0.0643759,344.203,6,9,12,7,0,6,4,6,7,0,11515
NeuLANDPla7V-40,13,V,7,40,1,40,1301,3279,1272,3271,1,27,1271,3271,1135,3267,26.6332,-31.6224,8.39727,1.05,0.0616492,338.734,6,9,11,7,0,6,4,5,7,0,11515
NeuLANDPla7V-41,13,V,7,41,1,60,1337,3275,1272,3271,1,19,1169,3271,1135,3267,25.6342,-32.4878,8.49296,0.995193,0.0626082,267.615,6,9,10,7,0,6,4,4,7,0,11515
NeuLANDPla7V-42,13,V,7,42,1,36,1340,3272,1272,3271,1,29,1290,3268,1135,3267,26.372,-31.2107,8.34388,0.975182,0.0623925,245.85,6,9,9,7,0,6,4,3,7,0,11515
NeuLANDPla7V-43,13,V,7,43,1,83,1353,3272,1272,3271,1,53,1165,3270,1135,3267,26.7597,-32.2671,8.45125,1.00295,0.0614215,244.754,6,9,8,7,0,6,4,2,7,0,11515
NeuLANDPla7V-44,13,V,7,44,1,39,1262,3270,1257,3269,1,24,1317,3271,1135,3267,27.8197,-32.0814,8.38935,1.07403,0.060474,304.768,6,8,7,7,0,6,4,1,7,0,11515
NeuLANDPla7V-45,13,V,7,45,1,40,1242,3266,1257,3269,1,26,1160,3274,1135,3267,26.4547,-32.073,8.4709,1.06535,0.0604451,188.189,6,8,6,7,0,6,4,0,7,0,11515
NeuLANDPla7V-46,13,V,7,46,1,43,1265,3269,1257,3269,1,20,1258,3271,1135,3267,25.2388,-32.3546,8.3553,1.00369,0.0592092,210.428,6,8,5,7,0,6,4,15,7,0,11515
NeuLANDPla7V-47,13,V,7,47,1,42,1252,3267,1257,3269,1,28,1119,3276,1135,3267,25.7429,-31.367,8.314,0.959004,0.060691,210.022,6,8,4,7,0,6,4,14,7,0,11515
NeuLANDPla7V-48,13,V,7,48,1,35,1311,3273,1257,3269,1,25,1258,3270,1135,3267,25.9184,-32.5764,8.34704,0.951986,0.0644445,193.044,6,8,3,7,0,6,4,13,7,0,11515
NeuLANDPla7V-49,13,V,7,49,1,67,1366,3272,1257,3269,1,46,1108,3276,1135,3267,26.2803,-32.1126,8.48929,0.994186,0.0664019,338.648,6,8,2,7,0,6,4,12,7,0,11515
MasterStart,13,V,1,1,1,74,1160,3277,1168,3285,1,47,1108,3276,1135,3267,0,0,0,0,0,0,2,7,11,6,1,6,7,11,7,0,0