ID,NAME,FPL,layer,id_plane,anodedir,wireid,wirepos,wirez,tzero_offset,tot_gain,det,geo,ch
1,PDC_0_0,13,0,81,V,0,798,-16,0,1.223381001,37,0,0
2,PDC_0_1,13,0,81,V,1,786,-16,0,1.14625604896,37,0,1
3,PDC_0_2,13,0,81,V,2,774,-16,0,1.0471268496,37,0,2
4,PDC_0_3,13,0,81,V,3,762,-16,0,1.11077253077,37,0,3
5,PDC_0_4,13,0,81,V,4,750,-16,0,1.07078778154,37,0,4
6,PDC_0_5,13,0,81,V,5,738,-16,0,0.9722698644200001,37,0,5
7,PDC_0_6,13,0,81,V,6,726,-16,0,0.99591437032,37,0,6
8,PDC_0_7,13,0,81,V,7,714,-16,0,0.98611699657,37,0,7
9,PDC_0_8,13,0,81,V,8,702,-16,0,0.99546209808,37,0,8
10,PDC_0_9,13,0,81,V,9,690,-16,0,1.0297547226600001,37,0,9
11,PDC_0_10,13,0,81,V,10,678,-16,0,1.02623941854,37,0,10
12,PDC_0_11,13,0,81,V,11,666,-16,0,1.01559026998,37,0,11
13,PDC_0_12,13,0,81,V,12,654,-16,0,1.0312873584,37,0,12
14,PDC_0_13,13,0,81,V,13,642,-16,0,1.0019690535599999,37,0,13
15,PDC_0_14,13,0,81,V,14,630,-16,0,0.99907101406,37,0,14
16,PDC_0_15,13,0,81,V,15,618,-16,0,1.0002477726,37,0,15
17,PDC_0_16,13,0,81,V,16,606,-16,0,1.05306607416,37,0,16
18,PDC_0_17,13,0,81,V,17,594,-16,0,1.0259975013200002,37,0,17
19,PDC_0_18,13,0,81,V,18,582,-16,0,1.0205589554999999,37,0,18
20,PDC_0_19,13,0,81,V,19,570,-16,0,1.0204169652,37,0,19
21,PDC_0_20,13,0,81,V,20,558,-16,0,1.01354,37,0,20
22,PDC_0_21,13,0,81,V,21,546,-16,0,1.01580205264,37,0,21
23,PDC_0_22,13,0,81,V,22,534,-16,0,1.00085197968,37,0,22
24,PDC_0_23,13,0,81,V,23,522,-16,0,0.9966464859999999,37,0,23
25,PDC_0_24,13,0,81,V,24,510,-16,0,1.00118862155,37,0,24
26,PDC_0_25,13,0,81,V,25,498,-16,0,0.9920801185199999,37,0,25
27,PDC_0_26,13,0,81,V,26,486,-16,0,0.990123847502,37,0,26
28,PDC_0_27,13,0,81,V,27,474,-16,0,0.99486525425,37,0,27
29,PDC_0_28,13,0,81,V,28,462,-16,0,1.0448160381,37,0,28
30,PDC_0_29,13,0,81,V,29,450,-16,0,1.0298339021999998,37,0,29
31,PDC_0_30,13,0,81,V,30,438,-16,0,1.0355466155999997,37,0,30
32,PDC_0_31,13,0,81,V,31,426,-16,0,1.01735598302,37,0,31
33,PDC_0_32,13,0,81,V,32,414,-16,0,1.0164748728,37,0,32
34,PDC_0_33,13,0,81,V,33,402,-16,0,1.00074134655,37,0,33
35,PDC_0_34,13,0,81,V,34,390,-16,0,1.0141247442299999,37,0,34
36,PDC_0_35,13,0,81,V,35,378,-16,0,1.02487580526,37,0,35
37,PDC_0_36,13,0,81,V,36,366,-16,0,1.0384525649399998,37,0,36
38,PDC_0_37,13,0,81,V,37,354,-16,0,1.0605013052,37,0,37
39,PDC_0_38,13,0,81,V,38,342,-16,0,1.04456289504,37,0,38
40,PDC_0_39,13,0,81,V,39,330,-16,0,1.034217811,37,0,39
41,PDC_0_40,13,0,81,V,40,318,-16,0,1.03724382332,37,0,40
42,PDC_0_41,13,0,81,V,41,306,-16,0,1.0271120769,37,0,41
43,PDC_0_42,13,0,81,V,42,294,-16,0,1.0530240945,37,0,48
44,PDC_0_43,13,0,81,V,43,282,-16,0,1.0625193807,37,0,49
45,PDC_0_44,13,0,81,V,44,270,-16,0,1.0723522088,37,0,50
46,PDC_0_45,13,0,81,V,45,258,-16,0,1.0781932767999998,37,0,51
47,PDC_0_46,13,0,81,V,46,246,-16,0,1.0581164859999999,37,0,52
48,PDC_0_47,13,0,81,V,47,234,-16,0,1.0697913929999998,37,0,53
49,PDC_0_48,13,0,81,V,48,222,-16,0,1.0641466836,37,0,54
50,PDC_0_49,13,0,81,V,49,210,-16,0,1.0596952113000002,37,0,55
51,PDC_0_50,13,0,81,V,50,198,-16,0,1.0711554443999998,37,0,56
52,PDC_0_51,13,0,81,V,51,186,-16,0,1.0916797836,37,0,57
53,PDC_0_52,13,0,81,V,52,174,-16,0,1.0913227312,37,0,58
54,PDC_0_53,13,0,81,V,53,162,-16,0,1.1033217282,37,0,59
55,PDC_0_54,13,0,81,V,54,150,-16,0,1.0377138071,37,0,60
56,PDC_0_55,13,0,81,V,55,138,-16,0,1.0602507174,37,0,61
57,PDC_0_56,13,0,81,V,56,126,-16,0,1.0428551232,37,0,62
58,PDC_0_57,13,0,81,V,57,114,-16,0,1.037637627,37,0,63
59,PDC_0_58,13,0,81,V,58,102,-16,0,1.07631972,37,1,0
60,PDC_0_59,13,0,81,V,59,90,-16,0,1.083446757,37,1,1
61,PDC_0_60,13,0,81,V,60,78,-16,0,1.0905508614000001,37,1,2
62,PDC_0_61,13,0,81,V,61,66,-16,0,1.0821463862,37,1,3
63,PDC_0_62,13,0,81,V,62,54,-16,0,1.0877111544,37,1,4
64,PDC_0_63,13,0,81,V,63,42,-16,0,1.0798426403999999,37,1,5
65,PDC_0_64,13,0,81,V,64,30,-16,0,1.0552752383,37,1,6
66,PDC_0_65,13,0,81,V,65,18,-16,0,1.0702372885000002,37,1,7
67,PDC_0_66,13,0,81,V,66,6,-16,0,1.08521947303,37,1,8
68,PDC_0_67,13,0,81,V,67,-6,-16,0,1.1038169843999999,37,1,9
69,PDC_0_68,13,0,81,V,68,-18,-16,0,1.0751390341999998,37,1,10
70,PDC_0_69,13,0,81,V,69,-30,-16,0,1.0617719840000002,37,1,11
71,PDC_0_70,13,0,81,V,70,-42,-16,0,1.0888261047,37,1,12
72,PDC_0_71,13,0,81,V,71,-54,-16,0,1.0662566599999999,37,1,13
73,PDC_0_72,13,0,81,V,72,-66,-16,0,1.0874556234,37,1,14
74,PDC_0_73,13,0,81,V,73,-78,-16,0,1.061078228,37,1,15
75,PDC_0_74,13,0,81,V,74,-90,-16,0,1.0721758866,37,1,16
76,PDC_0_75,13,0,81,V,75,-102,-16,0,1.0568569909999999,37,1,17
77,PDC_0_76,13,0,81,V,76,-114,-16,0,1.065741426,37,1,18
78,PDC_0_77,13,0,81,V,77,-126,-16,0,1.06383091381,37,1,19
79,PDC_0_78,13,0,81,V,78,-138,-16,0,1.047026277,37,1,20
80,PDC_0_79,13,0,81,V,79,-150,-16,0,1.07471233234,37,1,21
81,PDC_0_80,13,0,81,V,80,-162,-16,0,1.0371521379000002,37,1,22
82,PDC_0_81,13,0,81,V,81,-174,-16,0,1.0396377954,37,1,23
83,PDC_0_82,13,0,81,V,82,-186,-16,0,1.0299221839,37,1,24
84,PDC_0_83,13,0,81,V,83,-198,-16,0,1.028546018,37,1,25
85,PDC_0_84,13,0,81,V,84,-210,-16,0,1.02327801807,37,1,26
86,PDC_0_85,13,0,81,V,85,-222,-16,0,1.0107889248,37,1,27
87,PDC_0_86,13,0,81,V,86,-234,-16,0,1.0325113929,37,1,28
88,PDC_0_87,13,0,81,V,87,-246,-16,0,1.02872444819,37,1,29
89,PDC_0_88,13,0,81,V,88,-258,-16,0,1.02862297216,37,1,30
90,PDC_0_89,13,0,81,V,89,-270,-16,0,0.9959038628000001,37,1,31
91,PDC_0_90,13,0,81,V,90,-282,-16,0,1.023404998,37,1,32
92,PDC_0_91,13,0,81,V,91,-294,-16,0,1.0211845911,37,1,33
93,PDC_0_92,13,0,81,V,92,-306,-16,0,1.02439182305,37,1,34
94,PDC_0_93,13,0,81,V,93,-318,-16,0,1.01947837285,37,1,35
95,PDC_0_94,13,0,81,V,94,-330,-16,0,1.0070472801,37,1,36
96,PDC_0_95,13,0,81,V,95,-342,-16,0,1.0018673793600001,37,1,37
97,PDC_0_96,13,0,81,V,96,-354,-16,0,1.00600799898,37,1,38
98,PDC_0_97,13,0,81,V,97,-366,-16,0,0.9859387335,37,1,39
99,PDC_0_98,13,0,81,V,98,-378,-16,0,1.0195323137999999,37,1,40
100,PDC_0_99,13,0,81,V,99,-390,-16,0,1.032478944,37,1,41
101,PDC_0_100,13,0,81,V,100,-402,-16,0,1.00864366911,37,1,42
102,PDC_0_101,13,0,81,V,101,-414,-16,0,1.00511548072,37,1,43
103,PDC_0_102,13,0,81,V,102,-426,-16,0,0.963881689927,37,1,44
104,PDC_0_103,13,0,81,V,103,-438,-16,0,1.00290469944,37,1,45
105,PDC_0_104,13,0,81,V,104,-450,-16,0,1.00299696876,37,1,46
106,PDC_0_105,13,0,81,V,105,-462,-16,0,0.9829753055999999,37,1,47
107,PDC_0_106,13,0,81,V,106,-474,-16,0,0.9831421704600001,37,1,48
108,PDC_0_107,13,0,81,V,107,-486,-16,0,0.9701580205309999,37,1,49
109,PDC_0_108,13,0,81,V,108,-498,-16,0,0.9885820621699999,37,1,50
110,PDC_0_109,13,0,81,V,109,-510,-16,0,0.9693683042999999,37,1,51
111,PDC_0_110,13,0,81,V,110,-522,-16,0,0.98287082368,37,1,52
112,PDC_0_111,13,0,81,V,111,-534,-16,0,0.9659875752,37,1,53
113,PDC_0_112,13,0,81,V,112,-546,-16,0,0.97050313269,37,1,54
114,PDC_0_113,13,0,81,V,113,-558,-16,0,1.0027632699900002,37,1,55
115,PDC_0_114,13,0,81,V,114,-570,-16,0,0.9535442148,37,1,56
116,PDC_0_115,13,0,81,V,115,-582,-16,0,0.9772362172,37,1,57
117,PDC_0_116,13,0,81,V,116,-594,-16,0,0.9356461321599999,37,1,58
118,PDC_0_117,13,0,81,V,117,-606,-16,0,0.931478,37,1,59
119,PDC_0_118,13,0,81,V,118,-618,-16,0,1.07143,37,1,60
120,PDC_0_119,13,0,81,V,119,-630,-16,0,0.982533,37,1,61
121,PDC_0_120,13,0,81,V,120,-642,-16,0,1,37,1,62
122,PDC_0_121,13,0,81,V,121,-654,-16,0,1,37,1,63
123,PDC_0_122,13,0,81,V,122,-666,-16,0,1,37,2,0
124,PDC_0_123,13,0,81,V,123,-678,-16,0,1,37,2,1
125,PDC_0_124,13,0,81,V,124,-690,-16,0,1,37,2,2
126,PDC_0_125,13,0,81,V,125,-702,-16,0,1,37,2,3
127,PDC_0_126,13,0,81,V,126,-714,-16,0,1,37,2,4
128,PDC_0_127,13,0,81,V,127,-726,-16,0,1,37,2,5
129,PDC_0_128,13,0,81,V,128,-738,-16,0,1,37,2,6
130,PDC_0_129,13,0,81,V,129,-750,-16,0,1,37,2,7
131,PDC_0_130,13,0,81,V,130,-762,-16,0,1,37,2,8
132,PDC_0_131,13,0,81,V,131,-774,-16,0,1,37,2,9
133,PDC_0_132,13,0,81,V,132,-786,-16,0,1,37,2,10
134,PDC_0_133,13,0,81,V,133,-798,-16,0,1,37,2,11
135,PDC_0_134,13,0,81,V,134,-810,-16,0,1,37,2,12
136,PDC_0_135,13,0,81,V,135,-822,-16,0,1,37,2,13
137,PDC_1_0,13,1,82,X,0,810,0,0,1.19111,37,2,16
138,PDC_1_1,13,1,82,X,1,798,0,0,0.95858,37,2,17
139,PDC_1_2,13,1,82,X,2,786,0,0,0.921228,37,2,18
140,PDC_1_3,13,1,82,X,3,774,0,0,0.929112,37,2,19
141,PDC_1_4,13,1,82,X,4,762,0,0,0.935382,37,2,20
142,PDC_1_5,13,1,82,X,5,750,0,0,0.907258,37,2,21
143,PDC_1_6,13,1,82,X,6,738,0,0,0.926773,37,2,22
144,PDC_1_7,13,1,82,X,7,726,0,0,0.989011,37,2,23
145,PDC_1_8,13,1,82,X,8,714,0,0,0.971473,37,2,24
146,PDC_1_9,13,1,82,X,9,702,0,0,0.968212754345,37,2,25
147,PDC_1_10,13,1,82,X,10,690,0,0,0.97327969832,37,2,26
148,PDC_1_11,13,1,82,X,11,678,0,0,0.9853272447900001,37,2,27
149,PDC_1_12,13,1,82,X,12,666,0,0,0.9638348300709999,37,2,28
150,PDC_1_13,13,1,82,X,13,654,0,0,0.9656652256680001,37,2,29
151,PDC_1_14,13,1,82,X,14,642,0,0,0.96733199046,37,2,30
152,PDC_1_15,13,1,82,X,15,630,0,0,0.963581760063,37,2,31
153,PDC_1_16,13,1,82,X,16,618,0,0,1.02322888514,37,2,32
154,PDC_1_17,13,1,82,X,17,606,0,0,1.0427109963,37,2,33
155,PDC_1_18,13,1,82,X,18,594,0,0,1.0534025052,37,2,34
156,PDC_1_19,13,1,82,X,19,582,0,0,1.04195491224,37,2,35
157,PDC_1_20,13,1,82,X,20,570,0,0,1.0075782500000001,37,2,36
158,PDC_1_21,13,1,82,X,21,558,0,0,1.00723036974,37,2,37
159,PDC_1_22,13,1,82,X,22,546,0,0,1.0110886192000001,37,2,38
160,PDC_1_23,13,1,82,X,23,534,0,0,0.9997930334999999,37,2,39
161,PDC_1_24,13,1,82,X,24,522,0,0,1.013962872,37,2,40
162,PDC_1_25,13,1,82,X,25,510,0,0,1.013525435,37,2,41
163,PDC_1_26,13,1,82,X,26,498,0,0,1.0262957643800001,37,2,42
164,PDC_1_27,13,1,82,X,27,486,0,0,1.0203055695,37,2,43
165,PDC_1_28,13,1,82,X,28,474,0,0,0.99309528736,37,2,44
166,PDC_1_29,13,1,82,X,29,462,0,0,1.00466426622,37,2,45
167,PDC_1_30,13,1,82,X,30,450,0,0,1.0006587402,37,2,46
168,PDC_1_31,13,1,82,X,31,438,0,0,1.0075499693,37,2,47
169,PDC_1_32,13,1,82,X,32,426,0,0,1.012709984,37,2,48
170,PDC_1_33,13,1,82,X,33,414,0,0,1.0061835894,37,2,49
171,PDC_1_34,13,1,82,X,34,402,0,0,1.0306947882,37,2,50
172,PDC_1_35,13,1,82,X,35,390,0,0,1.0318505961,37,2,51
173,PDC_1_36,13,1,82,X,36,378,0,0,1.0412356465,37,2,52
174,PDC_1_37,13,1,82,X,37,366,0,0,1.0510310618899998,37,2,53
175,PDC_1_38,13,1,82,X,38,354,0,0,1.04748236697,37,2,54
176,PDC_1_39,13,1,82,X,39,342,0,0,1.0513967486399998,37,2,55
177,PDC_1_40,13,1,82,X,40,330,0,0,1.0352714237999998,37,2,56
178,PDC_1_41,13,1,82,X,41,318,0,0,1.029553308,37,2,57
179,PDC_1_42,13,1,82,X,42,306,0,0,1.03369128525,37,2,58
180,PDC_1_43,13,1,82,X,43,294,0,0,1.04025943268,37,2,59
181,PDC_1_44,13,1,82,X,44,282,0,0,1.0330132700999999,37,2,60
182,PDC_1_45,13,1,82,X,45,270,0,0,1.0489620844999998,37,2,61
183,PDC_1_46,13,1,82,X,46,258,0,0,1.0359391295000002,37,2,62
184,PDC_1_47,13,1,82,X,47,246,0,0,1.0503044618,37,2,63
185,PDC_1_48,13,1,82,X,48,234,0,0,1.0843956225,37,3,0
186,PDC_1_49,13,1,82,X,49,222,0,0,1.0826851949999998,37,3,1
187,PDC_1_50,13,1,82,X,50,210,0,0,1.102990175,37,3,2
188,PDC_1_51,13,1,82,X,51,198,0,0,1.0807170044,37,3,3
189,PDC_1_52,13,1,82,X,52,186,0,0,1.0945558895,37,3,4
190,PDC_1_53,13,1,82,X,53,174,0,0,1.0902007072,37,3,5
191,PDC_1_54,13,1,82,X,54,162,0,0,1.0879493604,37,3,6
192,PDC_1_55,13,1,82,X,55,150,0,0,1.0892346048,37,3,7
193,PDC_1_56,13,1,82,X,56,138,0,0,1.0875958610699998,37,3,8
194,PDC_1_57,13,1,82,X,57,126,0,0,1.0763634876,37,3,9
195,PDC_1_58,13,1,82,X,58,114,0,0,1.0730997791999999,37,3,10
196,PDC_1_59,13,1,82,X,59,102,0,0,1.0875421818,37,3,11
197,PDC_1_60,13,1,82,X,60,90,0,0,1.110911946,37,3,12
198,PDC_1_61,13,1,82,X,61,78,0,0,1.100369523,37,3,13
199,PDC_1_62,13,1,82,X,62,66,0,0,1.1085539588,37,3,14
200,PDC_1_63,13,1,82,X,63,54,0,0,1.1201637888,37,3,15
201,PDC_1_64,13,1,82,X,64,42,0,0,1.067447992,37,3,16
202,PDC_1_65,13,1,82,X,65,30,0,0,1.088388678,37,3,17
203,PDC_1_66,13,1,82,X,66,18,0,0,1.0971820539,37,3,18
204,PDC_1_67,13,1,82,X,67,6,0,0,1.0854672499999998,37,3,19
205,PDC_1_68,13,1,82,X,68,-6,0,0,1.0461354059999999,37,3,20
206,PDC_1_69,13,1,82,X,69,-18,0,0,1.06780957648,37,3,21
207,PDC_1_70,13,1,82,X,70,-30,0,0,1.03059821802,37,3,22
208,PDC_1_71,13,1,82,X,71,-42,0,0,1.0422162625,37,3,23
209,PDC_1_72,13,1,82,X,72,-54,0,0,1.09766866368,37,3,24
210,PDC_1_73,13,1,82,X,73,-66,0,0,1.09568722132,37,3,25
211,PDC_1_74,13,1,82,X,74,-78,0,0,1.0816533,37,3,26
212,PDC_1_75,13,1,82,X,75,-90,0,0,1.0972359,37,3,27
213,PDC_1_76,13,1,82,X,76,-102,0,0,1.029297276,37,3,28
214,PDC_1_77,13,1,82,X,77,-114,0,0,1.02316220502,37,3,29
215,PDC_1_78,13,1,82,X,78,-126,0,0,1.00986086792,37,3,30
216,PDC_1_79,13,1,82,X,79,-138,0,0,1.0128189908,37,3,31
217,PDC_1_80,13,1,82,X,80,-150,0,0,1.0244179001000002,37,3,32
218,PDC_1_81,13,1,82,X,81,-162,0,0,1.02508238145,37,3,33
219,PDC_1_82,13,1,82,X,82,-174,0,0,1.03533744336,37,3,34
220,PDC_1_83,13,1,82,X,83,-186,0,0,1.0311414464,37,3,35
221,PDC_1_84,13,1,82,X,84,-198,0,0,1.0624192245000001,37,3,36
222,PDC_1_85,13,1,82,X,85,-210,0,0,1.0609991278,37,3,37
223,PDC_1_86,13,1,82,X,86,-222,0,0,1.060549431,37,3,38
224,PDC_1_87,13,1,82,X,87,-234,0,0,1.0429515642,37,3,39
225,PDC_1_88,13,1,82,X,88,-246,0,0,1.01587317696,37,3,40
226,PDC_1_89,13,1,82,X,89,-258,0,0,1.012911614,37,3,41
227,PDC_1_90,13,1,82,X,90,-270,0,0,0.99969706125,37,3,42
228,PDC_1_91,13,1,82,X,91,-282,0,0,1.00252019436,37,3,43
229,PDC_1_92,13,1,82,X,92,-294,0,0,1.00873697652,37,3,44
230,PDC_1_93,13,1,82,X,93,-306,0,0,1.00697374872,37,3,45
231,PDC_1_94,13,1,82,X,94,-318,0,0,1.01169392948,37,3,46
232,PDC_1_95,13,1,82,X,95,-330,0,0,0.98927482059,37,3,47
233,PDC_1_96,13,1,82,X,96,-342,0,0,1.0202304488,37,3,48
234,PDC_1_97,13,1,82,X,97,-354,0,0,1.03499827476,37,3,49
235,PDC_1_98,13,1,82,X,98,-366,0,0,1.028940854,37,3,50
236,PDC_1_99,13,1,82,X,99,-378,0,0,1.0498718904000002,37,3,51
237,PDC_1_100,13,1,82,X,100,-390,0,0,0.9876620882099999,37,3,52
238,PDC_1_101,13,1,82,X,101,-402,0,0,0.961989328476,37,3,53
239,PDC_1_102,13,1,82,X,102,-414,0,0,0.9652798075999999,37,3,54
240,PDC_1_103,13,1,82,X,103,-426,0,0,0.9652503656250001,37,3,55
241,PDC_1_104,13,1,82,X,104,-438,0,0,1.00517367987,37,3,56
242,PDC_1_105,13,1,82,X,105,-450,0,0,1.0055163663,37,3,57
243,PDC_1_106,13,1,82,X,106,-462,0,0,0.98942295801,37,3,58
244,PDC_1_107,13,1,82,X,107,-474,0,0,1.0057147469999999,37,3,59
245,PDC_1_108,13,1,82,X,108,-486,0,0,0.9622758068,37,3,60
246,PDC_1_109,13,1,82,X,109,-498,0,0,0.9249571711800001,37,3,61
247,PDC_1_110,13,1,82,X,110,-510,0,0,0.922761,37,3,62
248,PDC_1_111,13,1,82,X,111,-522,0,0,0.945559,37,3,63
249,PDC_1_112,13,1,82,X,112,-534,0,0,0.938586,37,4,0
250,PDC_1_113,13,1,82,X,113,-546,0,0,1,37,4,1
251,PDC_1_114,13,1,82,X,114,-558,0,0,1,37,4,2
252,PDC_1_115,13,1,82,X,115,-570,0,0,1,37,4,3
253,PDC_1_116,13,1,82,X,116,-582,0,0,1,37,4,4
254,PDC_1_117,13,1,82,X,117,-594,0,0,1,37,4,5
255,PDC_1_118,13,1,82,X,118,-606,0,0,1,37,4,6
256,PDC_1_119,13,1,82,X,119,-618,0,0,1,37,4,7
257,PDC_1_120,13,1,82,X,120,-630,0,0,1,37,4,8
258,PDC_1_121,13,1,82,X,121,-642,0,0,1,37,4,9
259,PDC_1_122,13,1,82,X,122,-654,0,0,1,37,4,10
260,PDC_1_123,13,1,82,X,123,-666,0,0,1,37,4,11
261,PDC_1_124,13,1,82,X,124,-678,0,0,1,37,4,12
262,PDC_1_125,13,1,82,X,125,-690,0,0,1,37,4,13
263,PDC_1_126,13,1,82,X,126,-702,0,0,1,37,4,14
264,PDC_1_127,13,1,82,X,127,-714,0,0,1,37,4,15
265,PDC_1_128,13,1,82,X,128,-726,0,0,1,37,4,16
266,PDC_1_129,13,1,82,X,129,-738,0,0,1,37,4,17
267,PDC_1_130,13,1,82,X,130,-750,0,0,1,37,4,18
268,PDC_1_131,13,1,82,X,131,-762,0,0,1,37,4,19
269,PDC_1_132,13,1,82,X,132,-774,0,0,1,37,4,20
270,PDC_1_133,13,1,82,X,133,-786,0,0,1,37,4,21
271,PDC_1_134,13,1,82,X,134,-798,0,0,1,37,4,22
272,PDC_1_135,13,1,82,X,135,-810,0,0,1,37,4,23
273,PDC_2_0,13,2,83,U,0,-798,16,0,1,37,4,32
274,PDC_2_1,13,2,83,U,1,-786,16,0,1,37,4,33
275,PDC_2_2,13,2,83,U,2,-774,16,0,1,37,4,34
276,PDC_2_3,13,2,83,U,3,-762,16,0,1,37,4,35
277,PDC_2_4,13,2,83,U,4,-750,16,0,1,37,4,36
278,PDC_2_5,13,2,83,U,5,-738,16,0,1,37,4,37
279,PDC_2_6,13,2,83,U,6,-726,16,0,1,37,4,38
280,PDC_2_7,13,2,83,U,7,-714,16,0,1,37,4,39
281,PDC_2_8,13,2,83,U,8,-702,16,0,1,37,4,40
282,PDC_2_9,13,2,83,U,9,-690,16,0,1,37,4,41
283,PDC_2_10,13,2,83,U,10,-678,16,0,1,37,4,42
284,PDC_2_11,13,2,83,U,11,-666,16,0,1,37,4,43
285,PDC_2_12,13,2,83,U,12,-654,16,0,1,37,4,44
286,PDC_2_13,13,2,83,U,13,-642,16,0,1,37,4,45
287,PDC_2_14,13,2,83,U,14,-630,16,0,1,37,4,46
288,PDC_2_15,13,2,83,U,15,-618,16,0,1,37,4,47
289,PDC_2_16,13,2,83,U,16,-606,16,0,1,37,4,48
290,PDC_2_17,13,2,83,U,17,-594,16,0,1,37,4,49
291,PDC_2_18,13,2,83,U,18,-582,16,0,0.862069,37,4,50
292,PDC_2_19,13,2,83,U,19,-570,16,0,0.8650431380499999,37,4,51
293,PDC_2_20,13,2,83,U,20,-558,16,0,0.8860621843,37,4,52
294,PDC_2_21,13,2,83,U,21,-546,16,0,0.9576549739099999,37,4,53
295,PDC_2_22,13,2,83,U,22,-534,16,0,1.0265597208400001,37,4,54
296,PDC_2_23,13,2,83,U,23,-522,16,0,0.9826297858799999,37,4,55
297,PDC_2_24,13,2,83,U,24,-510,16,0,1.04676795828,37,4,56
298,PDC_2_25,13,2,83,U,25,-498,16,0,0.9849660133579999,37,4,57
299,PDC_2_26,13,2,83,U,26,-486,16,0,0.9999129815799999,37,4,58
300,PDC_2_27,13,2,83,U,27,-474,16,0,1.0104907172,37,4,59
301,PDC_2_28,13,2,83,U,28,-462,16,0,0.9887294776800001,37,4,60
302,PDC_2_29,13,2,83,U,29,-450,16,0,0.9976403215800002,37,4,61
303,PDC_2_30,13,2,83,U,30,-438,16,0,0.964769848394,37,4,62
304,PDC_2_31,13,2,83,U,31,-426,16,0,0.97277464812,37,4,63
305,PDC_2_32,13,2,83,U,32,-414,16,0,0.9713653700800001,37,5,0
306,PDC_2_33,13,2,83,U,33,-402,16,0,0.99119938005,37,5,1
307,PDC_2_34,13,2,83,U,34,-390,16,0,1.031600724,37,5,2
308,PDC_2_35,13,2,83,U,35,-378,16,0,1.0190068470799998,37,5,3
309,PDC_2_36,13,2,83,U,36,-366,16,0,1.0034168692399998,37,5,4
310,PDC_2_37,13,2,83,U,37,-354,16,0,0.9909549379800001,37,5,5
311,PDC_2_38,13,2,83,U,38,-342,16,0,0.99982038546,37,5,6
312,PDC_2_39,13,2,83,U,39,-330,16,0,0.98993417733,37,5,7
313,PDC_2_40,13,2,83,U,40,-318,16,0,1.01605731598,37,5,8
314,PDC_2_41,13,2,83,U,41,-306,16,0,1.0147387235099998,37,5,9
315,PDC_2_42,13,2,83,U,42,-294,16,0,1.0295242953,37,5,16
316,PDC_2_43,13,2,83,U,43,-282,16,0,1.0385155316,37,5,17
317,PDC_2_44,13,2,83,U,44,-270,16,0,1.0528145624,37,5,18
318,PDC_2_45,13,2,83,U,45,-258,16,0,1.05798231,37,5,19
319,PDC_2_46,13,2,83,U,46,-246,16,0,1.0301283244000001,37,5,20
320,PDC_2_47,13,2,83,U,47,-234,16,0,1.0424679722699999,37,5,21
321,PDC_2_48,13,2,83,U,48,-222,16,0,1.0292185208,37,5,22
322,PDC_2_49,13,2,83,U,49,-210,16,0,1.0280263572000001,37,5,23
323,PDC_2_50,13,2,83,U,50,-198,16,0,1.0568549304000001,37,5,24
324,PDC_2_51,13,2,83,U,51,-186,16,0,1.0631190970400002,37,5,25
325,PDC_2_52,13,2,83,U,52,-174,16,0,1.036083294,37,5,26
326,PDC_2_53,13,2,83,U,53,-162,16,0,1.0449713344,37,5,27
327,PDC_2_54,13,2,83,U,54,-150,16,0,1.05109886282,37,5,28
328,PDC_2_55,13,2,83,U,55,-138,16,0,1.03577621052,37,5,29
329,PDC_2_56,13,2,83,U,56,-126,16,0,1.01980639629,37,5,30
330,PDC_2_57,13,2,83,U,57,-114,16,0,1.02336887107,37,5,31
331,PDC_2_58,13,2,83,U,58,-102,16,0,1.05298386705,37,5,32
332,PDC_2_59,13,2,83,U,59,-90,16,0,1.080080652,37,5,33
333,PDC_2_60,13,2,83,U,60,-78,16,0,1.0785909213,37,5,34
334,PDC_2_61,13,2,83,U,61,-66,16,0,1.078110566,37,5,35
335,PDC_2_62,13,2,83,U,62,-54,16,0,1.078039104,37,5,36
336,PDC_2_63,13,2,83,U,63,-42,16,0,1.0784609901,37,5,37
337,PDC_2_64,13,2,83,U,64,-30,16,0,1.0713691044,37,5,38
338,PDC_2_65,13,2,83,U,65,-18,16,0,1.079982086,37,5,39
339,PDC_2_66,13,2,83,U,66,-6,16,0,1.05569489685,37,5,40
340,PDC_2_67,13,2,83,U,67,6,16,0,1.0444224192,37,5,41
341,PDC_2_68,13,2,83,U,68,18,16,0,1.0194012752000001,37,5,42
342,PDC_2_69,13,2,83,U,69,30,16,0,1.046790844,37,5,43
343,PDC_2_70,13,2,83,U,70,42,16,0,1.0529487654,37,5,44
344,PDC_2_71,13,2,83,U,71,54,16,0,1.058787654,37,5,45
345,PDC_2_72,13,2,83,U,72,66,16,0,1.0494090766,37,5,46
346,PDC_2_73,13,2,83,U,73,78,16,0,1.059184776,37,5,47
347,PDC_2_74,13,2,83,U,74,90,16,0,1.0648601088,37,5,48
348,PDC_2_75,13,2,83,U,75,102,16,0,1.0636772636,37,5,49
349,PDC_2_76,13,2,83,U,76,114,16,0,1.0633948367,37,5,50
350,PDC_2_77,13,2,83,U,77,126,16,0,1.0776479112,37,5,51
351,PDC_2_78,13,2,83,U,78,138,16,0,1.0769786484000001,37,5,52
352,PDC_2_79,13,2,83,U,79,150,16,0,1.08879714774,37,5,53
353,PDC_2_80,13,2,83,U,80,162,16,0,1.0846492999999997,37,5,54
354,PDC_2_81,13,2,83,U,81,174,16,0,1.09458248589,37,5,55
355,PDC_2_82,13,2,83,U,82,186,16,0,1.068909818,37,5,56
356,PDC_2_83,13,2,83,U,83,198,16,0,1.091217712,37,5,57
357,PDC_2_84,13,2,83,U,84,210,16,0,1.08627302,37,5,58
358,PDC_2_85,13,2,83,U,85,222,16,0,1.0751380641000001,37,5,59
359,PDC_2_86,13,2,83,U,86,234,16,0,1.0528366305,37,5,60
360,PDC_2_87,13,2,83,U,87,246,16,0,1.0575007689999998,37,5,61
361,PDC_2_88,13,2,83,U,88,258,16,0,1.0584464527,37,5,62
362,PDC_2_89,13,2,83,U,89,270,16,0,1.0454333825,37,5,63
363,PDC_2_90,13,2,83,U,90,282,16,0,1.0772081316000002,37,6,0
364,PDC_2_91,13,2,83,U,91,294,16,0,1.10350631335,37,6,1
365,PDC_2_92,13,2,83,U,92,306,16,0,1.0949279088,37,6,2
366,PDC_2_93,13,2,83,U,93,318,16,0,1.09126869384,37,6,3
367,PDC_2_94,13,2,83,U,94,330,16,0,1.05937326472,37,6,4
368,PDC_2_95,13,2,83,U,95,342,16,0,1.037554443,37,6,5
369,PDC_2_96,13,2,83,U,96,354,16,0,1.0333995408,37,6,6
370,PDC_2_97,13,2,83,U,97,366,16,0,1.0293828471,37,6,7
371,PDC_2_98,13,2,83,U,98,378,16,0,1.0607119232,37,6,8
372,PDC_2_99,13,2,83,U,99,390,16,0,1.0586160256000001,37,6,9
373,PDC_2_100,13,2,83,U,100,402,16,0,1.0577581614,37,6,10
374,PDC_2_101,13,2,83,U,101,414,16,0,1.0335124422,37,6,11
375,PDC_2_102,13,2,83,U,102,426,16,0,1.00994153739,37,6,12
376,PDC_2_103,13,2,83,U,103,438,16,0,1.00134113301,37,6,13
377,PDC_2_104,13,2,83,U,104,450,16,0,1.0095098016000001,37,6,14
378,PDC_2_105,13,2,83,U,105,462,16,0,1.0024920691800001,37,6,15
379,PDC_2_106,13,2,83,U,106,474,16,0,1.00858374165,37,6,16
380,PDC_2_107,13,2,83,U,107,486,16,0,1.0403213364900001,37,6,17
381,PDC_2_108,13,2,83,U,108,498,16,0,1.0379663481599999,37,6,18
382,PDC_2_109,13,2,83,U,109,510,16,0,1.0285098527999998,37,6,19
383,PDC_2_110,13,2,83,U,110,522,16,0,1.02175365348,37,6,20
384,PDC_2_111,13,2,83,U,111,534,16,0,1.029959767,37,6,21
385,PDC_2_112,13,2,83,U,112,546,16,0,1.0489670290000002,37,6,22
386,PDC_2_113,13,2,83,U,113,558,16,0,1.03291133,37,6,23
387,PDC_2_114,13,2,83,U,114,570,16,0,1.0338664149999999,37,6,24
388,PDC_2_115,13,2,83,U,115,582,16,0,1.0167577207,37,6,25
389,PDC_2_116,13,2,83,U,116,594,16,0,1.0158273636000001,37,6,26
390,PDC_2_117,13,2,83,U,117,606,16,0,1.00089671076,37,6,27
391,PDC_2_118,13,2,83,U,118,618,16,0,1.0387619989999999,37,6,28
392,PDC_2_119,13,2,83,U,119,630,16,0,1.0243048725000001,37,6,29
393,PDC_2_120,13,2,83,U,120,642,16,0,1.00176301232,37,6,30
394,PDC_2_121,13,2,83,U,121,654,16,0,1.0099184317999998,37,6,31
395,PDC_2_122,13,2,83,U,122,666,16,0,1.00789052652,37,6,32
396,PDC_2_123,13,2,83,U,123,678,16,0,1.033289232,37,6,33
397,PDC_2_124,13,2,83,U,124,690,16,0,1.0250424768,37,6,34
398,PDC_2_125,13,2,83,U,125,702,16,0,1.0243534859999999,37,6,35
399,PDC_2_126,13,2,83,U,126,714,16,0,1.01798738706,37,6,36
400,PDC_2_127,13,2,83,U,127,726,16,0,1.02797577578,37,6,37
401,PDC_2_128,13,2,83,U,128,738,16,0,1.0440255475,37,6,38
402,PDC_2_129,13,2,83,U,129,750,16,0,1.01879674035,37,6,39
403,PDC_2_130,13,2,83,U,130,762,16,0,0.9851493769199999,37,6,40
404,PDC_2_131,13,2,83,U,131,774,16,0,0.93764587056,37,6,41
405,PDC_2_132,13,2,83,U,132,786,16,0,0.973453800417,37,6,42
406,PDC_2_133,13,2,83,U,133,798,16,0,0.9908980759599999,37,6,43
407,PDC_2_134,13,2,83,U,134,810,16,0,1.05890928325,37,6,44
408,PDC_2_135,13,2,83,U,135,822,16,0,1,37,6,45
409,PDC_3_0,13,3,84,V,0,798,584,0,1.1868972173999999,37,7,0
410,PDC_3_1,13,3,84,V,1,786,584,0,1.0740314359799998,37,7,1
411,PDC_3_2,13,3,84,V,2,774,584,0,1.0474232637999998,37,7,2
412,PDC_3_3,13,3,84,V,3,762,584,0,1.0442618933999999,37,7,3
413,PDC_3_4,13,3,84,V,4,750,584,0,0.9860094636,37,7,4
414,PDC_3_5,13,3,84,V,5,738,584,0,0.99267415223,37,7,5
415,PDC_3_6,13,3,84,V,6,726,584,0,0.9884854513799999,37,7,6
416,PDC_3_7,13,3,84,V,7,714,584,0,0.9744299425,37,7,7
417,PDC_3_8,13,3,84,V,8,702,584,0,1.01661867641,37,7,8
418,PDC_3_9,13,3,84,V,9,690,584,0,0.9950080175999999,37,7,9
419,PDC_3_10,13,3,84,V,10,678,584,0,0.99346641366,37,7,10
420,PDC_3_11,13,3,84,V,11,666,584,0,1.00654000601,37,7,11
421,PDC_3_12,13,3,84,V,12,654,584,0,1.00101345429,37,7,12
422,PDC_3_13,13,3,84,V,13,642,584,0,1.0194196443699999,37,7,13
423,PDC_3_14,13,3,84,V,14,630,584,0,1.0086907088600001,37,7,14
424,PDC_3_15,13,3,84,V,15,618,584,0,1.0136949505800001,37,7,15
425,PDC_3_16,13,3,84,V,16,606,584,0,1.0016894496,37,7,16
426,PDC_3_17,13,3,84,V,17,594,584,0,1.00029597767,37,7,17
427,PDC_3_18,13,3,84,V,18,582,584,0,0.9929006034900001,37,7,18
428,PDC_3_19,13,3,84,V,19,570,584,0,0.9938469846000001,37,7,19
429,PDC_3_20,13,3,84,V,20,558,584,0,1.0082780784,37,7,20
430,PDC_3_21,13,3,84,V,21,546,584,0,0.98290756708,37,7,21
431,PDC_3_22,13,3,84,V,22,534,584,0,0.9800112169999998,37,7,22
432,PDC_3_23,13,3,84,V,23,522,584,0,0.9927599421700001,37,7,23
433,PDC_3_24,13,3,84,V,24,510,584,0,1.01986985881,37,7,24
434,PDC_3_25,13,3,84,V,25,498,584,0,1.01154860886,37,7,25
435,PDC_3_26,13,3,84,V,26,486,584,0,1.0030204269799998,37,7,26
436,PDC_3_27,13,3,84,V,27,474,584,0,1.0186251068799999,37,7,27
437,PDC_3_28,13,3,84,V,28,462,584,0,0.98179906869,37,7,28
438,PDC_3_29,13,3,84,V,29,450,584,0,0.9841031568199999,37,7,29
439,PDC_3_30,13,3,84,V,30,438,584,0,0.979107551006,37,7,30
440,PDC_3_31,13,3,84,V,31,426,584,0,0.9806706287399999,37,7,31
441,PDC_3_32,13,3,84,V,32,414,584,0,0.94694817015,37,7,32
442,PDC_3_33,13,3,84,V,33,402,584,0,0.954664435666,37,7,33
443,PDC_3_34,13,3,84,V,34,390,584,0,0.953792721962,37,7,34
444,PDC_3_35,13,3,84,V,35,378,584,0,0.9594093696000001,37,7,35
445,PDC_3_36,13,3,84,V,36,366,584,0,0.9855131852800001,37,7,36
446,PDC_3_37,13,3,84,V,37,354,584,0,0.9893561311900001,37,7,37
447,PDC_3_38,13,3,84,V,38,342,584,0,0.985990324772,37,7,38
448,PDC_3_39,13,3,84,V,39,330,584,0,0.98753965668,37,7,39
449,PDC_3_40,13,3,84,V,40,318,584,0,0.952203762804,37,7,40
450,PDC_3_41,13,3,84,V,41,306,584,0,0.96014115504,37,7,41
451,PDC_3_42,13,3,84,V,42,294,584,0,1.0086036484199998,37,7,48
452,PDC_3_43,13,3,84,V,43,282,584,0,1.0101755916,37,7,49
453,PDC_3_44,13,3,84,V,44,270,584,0,1.00819838907,37,7,50
454,PDC_3_45,13,3,84,V,45,258,584,0,1.0145991102,37,7,51
455,PDC_3_46,13,3,84,V,46,246,584,0,1.0356363857,37,7,52
456,PDC_3_47,13,3,84,V,47,234,584,0,1.05053310604,37,7,53
457,PDC_3_48,13,3,84,V,48,222,584,0,1.0285763074599998,37,7,54
458,PDC_3_49,13,3,84,V,49,210,584,0,1.0402757607,37,7,55
459,PDC_3_50,13,3,84,V,50,198,584,0,1.02317062456,37,7,56
460,PDC_3_51,13,3,84,V,51,186,584,0,1.0327055280000002,37,7,57
461,PDC_3_52,13,3,84,V,52,174,584,0,1.0344832564000002,37,7,58
462,PDC_3_53,13,3,84,V,53,162,584,0,1.0499847999199998,37,7,59
463,PDC_3_54,13,3,84,V,54,150,584,0,1.0035804151999999,37,7,60
464,PDC_3_55,13,3,84,V,55,138,584,0,1.00702742968,37,7,61
465,PDC_3_56,13,3,84,V,56,126,584,0,1.0106492010299999,37,7,62
466,PDC_3_57,13,3,84,V,57,114,584,0,0.9918440069999999,37,7,63
467,PDC_3_58,13,3,84,V,58,102,584,0,1.0370247531999999,37,8,0
468,PDC_3_59,13,3,84,V,59,90,584,0,1.0544092517700001,37,8,1
469,PDC_3_60,13,3,84,V,60,78,584,0,1.0435955305000002,37,8,2
470,PDC_3_61,13,3,84,V,61,66,584,0,1.0416410934999998,37,8,3
471,PDC_3_62,13,3,84,V,62,54,584,0,1.0365634957599998,37,8,4
472,PDC_3_63,13,3,84,V,63,42,584,0,1.04480924791,37,8,5
473,PDC_3_64,13,3,84,V,64,30,584,0,1.04398545476,37,8,6
474,PDC_3_65,13,3,84,V,65,18,584,0,1.0333287888,37,8,7
475,PDC_3_66,13,3,84,V,66,6,584,0,1.0461067104000001,37,8,8
476,PDC_3_67,13,3,84,V,67,-6,584,0,1.054468764,37,8,9
477,PDC_3_68,13,3,84,V,68,-18,584,0,1.0524907892,37,8,10
478,PDC_3_69,13,3,84,V,69,-30,584,0,1.0416736032,37,8,11
479,PDC_3_70,13,3,84,V,70,-42,584,0,1.03561170624,37,8,12
480,PDC_3_71,13,3,84,V,71,-54,584,0,1.0331964006,37,8,13
481,PDC_3_72,13,3,84,V,72,-66,584,0,1.034505409,37,8,14
482,PDC_3_73,13,3,84,V,73,-78,584,0,1.03602833262,37,8,15
483,PDC_3_74,13,3,84,V,74,-90,584,0,1.04372939312,37,8,16
484,PDC_3_75,13,3,84,V,75,-102,584,0,1.0393973313,37,8,17
485,PDC_3_76,13,3,84,V,76,-114,584,0,1.0452782079999998,37,8,18
486,PDC_3_77,13,3,84,V,77,-126,584,0,1.0418960624,37,8,19
487,PDC_3_78,13,3,84,V,78,-138,584,0,1.0008686512799998,37,8,20
488,PDC_3_79,13,3,84,V,79,-150,584,0,1.00333361191,37,8,21
489,PDC_3_80,13,3,84,V,80,-162,584,0,0.9866780955,37,8,22
490,PDC_3_81,13,3,84,V,81,-174,584,0,1.0023696284799999,37,8,23
491,PDC_3_82,13,3,84,V,82,-186,584,0,1.0320806316,37,8,24
492,PDC_3_83,13,3,84,V,83,-198,584,0,1.02964862172,37,8,25
493,PDC_3_84,13,3,84,V,84,-210,584,0,1.0215131545299998,37,8,26
494,PDC_3_85,13,3,84,V,85,-222,584,0,1.0269977490100002,37,8,27
495,PDC_3_86,13,3,84,V,86,-234,584,0,0.9644883270400001,37,8,28
496,PDC_3_87,13,3,84,V,87,-246,584,0,0.965961257231,37,8,29
497,PDC_3_88,13,3,84,V,88,-258,584,0,0.94670081017,37,8,30
498,PDC_3_89,13,3,84,V,89,-270,584,0,0.9560357433300001,37,8,31
499,PDC_3_90,13,3,84,V,90,-282,584,0,0.9982911441599999,37,8,32
500,PDC_3_91,13,3,84,V,91,-294,584,0,0.9929616399399999,37,8,33
501,PDC_3_92,13,3,84,V,92,-306,584,0,0.98320828004,37,8,34
502,PDC_3_93,13,3,84,V,93,-318,584,0,0.9861436104099999,37,8,35
503,PDC_3_94,13,3,84,V,94,-330,584,0,0.956725139681,37,8,36
504,PDC_3_95,13,3,84,V,95,-342,584,0,0.96709713332,37,8,37
505,PDC_3_96,13,3,84,V,96,-354,584,0,0.955069289684,37,8,38
506,PDC_3_97,13,3,84,V,97,-366,584,0,0.9529408198,37,8,39
507,PDC_3_98,13,3,84,V,98,-378,584,0,0.97210497126,37,8,40
508,PDC_3_99,13,3,84,V,99,-390,584,0,0.9916862109,37,8,41
509,PDC_3_100,13,3,84,V,100,-402,584,0,0.9980064554600001,37,8,42
510,PDC_3_101,13,3,84,V,101,-414,584,0,0.9598167133100001,37,8,43
511,PDC_3_102,13,3,84,V,102,-426,584,0,0.9975168397200002,37,8,44
512,PDC_3_103,13,3,84,V,103,-438,584,0,0.9878906771999999,37,8,45
513,PDC_3_104,13,3,84,V,104,-450,584,0,0.9932014520399999,37,8,46
514,PDC_3_105,13,3,84,V,105,-462,584,0,1.00117045002,37,8,47
515,PDC_3_106,13,3,84,V,106,-474,584,0,0.9796120488,37,8,48
516,PDC_3_107,13,3,84,V,107,-486,584,0,0.966956473046,37,8,49
517,PDC_3_108,13,3,84,V,108,-498,584,0,0.962104236042,37,8,50
518,PDC_3_109,13,3,84,V,109,-510,584,0,0.9694743352599999,37,8,51
519,PDC_3_110,13,3,84,V,110,-522,584,0,0.9843366720000002,37,8,52
520,PDC_3_111,13,3,84,V,111,-534,584,0,0.96627799328,37,8,53
521,PDC_3_112,13,3,84,V,112,-546,584,0,0.9732962488799999,37,8,54
522,PDC_3_113,13,3,84,V,113,-558,584,0,1.0005644061,37,8,55
523,PDC_3_114,13,3,84,V,114,-570,584,0,0.98038370472,37,8,56
524,PDC_3_115,13,3,84,V,115,-582,584,0,1.00003397767,37,8,57
525,PDC_3_116,13,3,84,V,116,-594,584,0,1.01078316448,37,8,58
526,PDC_3_117,13,3,84,V,117,-606,584,0,0.99076210636,37,8,59
527,PDC_3_118,13,3,84,V,118,-618,584,0,1.00227251502,37,8,60
528,PDC_3_119,13,3,84,V,119,-630,584,0,0.97629004413,37,8,61
529,PDC_3_120,13,3,84,V,120,-642,584,0,0.946322,37,8,62
530,PDC_3_121,13,3,84,V,121,-654,584,0,1.03905,37,8,63
531,PDC_3_122,13,3,84,V,122,-666,584,0,0.708333,37,9,0
532,PDC_3_123,13,3,84,V,123,-678,584,0,1.0303,37,9,1
533,PDC_3_124,13,3,84,V,124,-690,584,0,1,37,9,2
534,PDC_3_125,13,3,84,V,125,-702,584,0,1,37,9,3
535,PDC_3_126,13,3,84,V,126,-714,584,0,1,37,9,4
536,PDC_3_127,13,3,84,V,127,-726,584,0,1,37,9,5
537,PDC_3_128,13,3,84,V,128,-738,584,0,1,37,9,6
538,PDC_3_129,13,3,84,V,129,-750,584,0,1,37,9,7
539,PDC_3_130,13,3,84,V,130,-762,584,0,1,37,9,8
540,PDC_3_131,13,3,84,V,131,-774,584,0,1,37,9,9
541,PDC_3_132,13,3,84,V,132,-786,584,0,1,37,9,10
542,PDC_3_133,13,3,84,V,133,-798,584,0,1,37,9,11
543,PDC_3_134,13,3,84,V,134,-810,584,0,1,37,9,12
544,PDC_3_135,13,3,84,V,135,-822,584,0,1,37,9,13
545,PDC_4_0,13,4,85,X,0,810,600,0,1,37,9,16
546,PDC_4_1,13,4,85,X,1,798,600,0,0.927880617018,37,9,17
547,PDC_4_2,13,4,85,X,2,786,600,0,0.891450849688,37,9,18
548,PDC_4_3,13,4,85,X,3,774,600,0,0.95848869325,37,9,19
549,PDC_4_4,13,4,85,X,4,762,600,0,0.9928877036,37,9,20
550,PDC_4_5,13,4,85,X,5,750,600,0,0.9854259093609999,37,9,21
551,PDC_4_6,13,4,85,X,6,738,600,0,0.983633243034,37,9,22
552,PDC_4_7,13,4,85,X,7,726,600,0,0.9860017738,37,9,23
553,PDC_4_8,13,4,85,X,8,714,600,0,0.9915272836200001,37,9,24
554,PDC_4_9,13,4,85,X,9,702,600,0,0.9904727895250001,37,9,25
555,PDC_4_10,13,4,85,X,10,690,600,0,0.98755753984,37,9,26
556,PDC_4_11,13,4,85,X,11,678,600,0,0.9912998785199999,37,9,27
557,PDC_4_12,13,4,85,X,12,666,600,0,0.98022347434,37,9,28
558,PDC_4_13,13,4,85,X,13,654,600,0,0.9801366764399999,37,9,29
559,PDC_4_14,13,4,85,X,14,642,600,0,0.9854488410000001,37,9,30
560,PDC_4_15,13,4,85,X,15,630,600,0,0.9950772400400001,37,9,31
561,PDC_4_16,13,4,85,X,16,618,600,0,1.00044575052,37,9,32
562,PDC_4_17,13,4,85,X,17,606,600,0,1.01985398802,37,9,33
563,PDC_4_18,13,4,85,X,18,594,600,0,1.01662883235,37,9,34
564,PDC_4_19,13,4,85,X,19,582,600,0,1.02668213694,37,9,35
565,PDC_4_20,13,4,85,X,20,570,600,0,1.01063860677,37,9,36
566,PDC_4_21,13,4,85,X,21,558,600,0,0.99650355032,37,9,37
567,PDC_4_22,13,4,85,X,22,546,600,0,1.0073722454799998,37,9,38
568,PDC_4_23,13,4,85,X,23,534,600,0,0.9953524102759999,37,9,39
569,PDC_4_24,13,4,85,X,24,522,600,0,0.99318625551,37,9,40
570,PDC_4_25,13,4,85,X,25,510,600,0,0.9961682046699999,37,9,41
571,PDC_4_26,13,4,85,X,26,498,600,0,0.9947969948400001,37,9,42
572,PDC_4_27,13,4,85,X,27,486,600,0,0.991856352097,37,9,43
573,PDC_4_28,13,4,85,X,28,474,600,0,1.0146737347,37,9,44
574,PDC_4_29,13,4,85,X,29,462,600,0,1.0175564862,37,9,45
575,PDC_4_30,13,4,85,X,30,450,600,0,1.01817951576,37,9,46
576,PDC_4_31,13,4,85,X,31,438,600,0,1.0306043862,37,9,47
577,PDC_4_32,13,4,85,X,32,426,600,0,1.0641227248,37,9,48
578,PDC_4_33,13,4,85,X,33,414,600,0,1.07146065,37,9,49
579,PDC_4_34,13,4,85,X,34,402,600,0,1.0641690199,37,9,50
580,PDC_4_35,13,4,85,X,35,390,600,0,1.08066023448,37,9,51
581,PDC_4_36,13,4,85,X,36,378,600,0,1.0400039433,37,9,52
582,PDC_4_37,13,4,85,X,37,366,600,0,1.03154620014,37,9,53
583,PDC_4_38,13,4,85,X,38,354,600,0,1.0326052047,37,9,54
584,PDC_4_39,13,4,85,X,39,342,600,0,1.0243197468,37,9,55
585,PDC_4_40,13,4,85,X,40,330,600,0,1.0442132008,37,9,56
586,PDC_4_41,13,4,85,X,41,318,600,0,1.0444193004,37,9,57
587,PDC_4_42,13,4,85,X,42,306,600,0,1.0395427318000001,37,9,58
588,PDC_4_43,13,4,85,X,43,294,600,0,1.0458432665100001,37,9,59
589,PDC_4_44,13,4,85,X,44,282,600,0,1.0366205603399998,37,9,60
590,PDC_4_45,13,4,85,X,45,270,600,0,1.0401710984,37,9,61
591,PDC_4_46,13,4,85,X,46,258,600,0,1.0428733209999999,37,9,62
592,PDC_4_47,13,4,85,X,47,246,600,0,1.0581182766000001,37,9,63
593,PDC_4_48,13,4,85,X,48,234,600,0,1.09098536722,37,10,0
594,PDC_4_49,13,4,85,X,49,222,600,0,1.0918369809000001,37,10,1
595,PDC_4_50,13,4,85,X,50,210,600,0,1.1001556944,37,10,2
596,PDC_4_51,13,4,85,X,51,198,600,0,1.1057703266,37,10,3
597,PDC_4_52,13,4,85,X,52,186,600,0,1.0726291674,37,10,4
598,PDC_4_53,13,4,85,X,53,174,600,0,1.0743374472,37,10,5
599,PDC_4_54,13,4,85,X,54,162,600,0,1.0767222016,37,10,6
600,PDC_4_55,13,4,85,X,55,150,600,0,1.055990987,37,10,7
601,PDC_4_56,13,4,85,X,56,138,600,0,1.0227323136000002,37,10,8
602,PDC_4_57,13,4,85,X,57,126,600,0,1.0157167293,37,10,9
603,PDC_4_58,13,4,85,X,58,114,600,0,1.0388900523999998,37,10,10
604,PDC_4_59,13,4,85,X,59,102,600,0,1.0389707046299999,37,10,11
605,PDC_4_60,13,4,85,X,60,90,600,0,1.044207702,37,10,12
606,PDC_4_61,13,4,85,X,61,78,600,0,1.0467237312000002,37,10,13
607,PDC_4_62,13,4,85,X,62,66,600,0,1.0281138412,37,10,14
608,PDC_4_63,13,4,85,X,63,54,600,0,1.026340578,37,10,15
609,PDC_4_64,13,4,85,X,64,42,600,0,1.0675095534999999,37,10,16
610,PDC_4_65,13,4,85,X,65,30,600,0,1.0718277085,37,10,17
611,PDC_4_66,13,4,85,X,66,18,600,0,1.090761315,37,10,18
612,PDC_4_67,13,4,85,X,67,6,600,0,1.0940589013200002,37,10,19
613,PDC_4_68,13,4,85,X,68,-6,600,0,1.062200204,37,10,20
614,PDC_4_69,13,4,85,X,69,-18,600,0,1.06594106087,37,10,21
615,PDC_4_70,13,4,85,X,70,-30,600,0,1.0622480834,37,10,22
616,PDC_4_71,13,4,85,X,71,-42,600,0,1.0587802431,37,10,23
617,PDC_4_72,13,4,85,X,72,-54,600,0,1.0398871016,37,10,24
618,PDC_4_73,13,4,85,X,73,-66,600,0,1.0483273132,37,10,25
619,PDC_4_74,13,4,85,X,74,-78,600,0,1.0410995754,37,10,26
620,PDC_4_75,13,4,85,X,75,-90,600,0,1.0415275136,37,10,27
621,PDC_4_76,13,4,85,X,76,-102,600,0,1.0419290076,37,10,28
622,PDC_4_77,13,4,85,X,77,-114,600,0,1.0529911525,37,10,29
623,PDC_4_78,13,4,85,X,78,-126,600,0,1.0504277467999998,37,10,30
624,PDC_4_79,13,4,85,X,79,-138,600,0,1.0547952411,37,10,31
625,PDC_4_80,13,4,85,X,80,-150,600,0,1.0546844768,37,10,32
626,PDC_4_81,13,4,85,X,81,-162,600,0,1.0533621491999998,37,10,33
627,PDC_4_82,13,4,85,X,82,-174,600,0,1.0751542560000003,37,10,34
628,PDC_4_83,13,4,85,X,83,-186,600,0,1.0637019352,37,10,35
629,PDC_4_84,13,4,85,X,84,-198,600,0,1.085045043,37,10,36
630,PDC_4_85,13,4,85,X,85,-210,600,0,1.0721057024999998,37,10,37
631,PDC_4_86,13,4,85,X,86,-222,600,0,1.0478904876000001,37,10,38
632,PDC_4_87,13,4,85,X,87,-234,600,0,1.0486802255999998,37,10,39
633,PDC_4_88,13,4,85,X,88,-246,600,0,1.0233851316,37,10,40
634,PDC_4_89,13,4,85,X,89,-258,600,0,1.01076650642,37,10,41
635,PDC_4_90,13,4,85,X,90,-270,600,0,1.02719055696,37,10,42
636,PDC_4_91,13,4,85,X,91,-282,600,0,1.0128178084,37,10,43
637,PDC_4_92,13,4,85,X,92,-294,600,0,1.0021497934399999,37,10,44
638,PDC_4_93,13,4,85,X,93,-306,600,0,1.00226342752,37,10,45
639,PDC_4_94,13,4,85,X,94,-318,600,0,0.99920061954,37,10,46
640,PDC_4_95,13,4,85,X,95,-330,600,0,1.0096204785000003,37,10,47
641,PDC_4_96,13,4,85,X,96,-342,600,0,1.0052744184,37,10,48
642,PDC_4_97,13,4,85,X,97,-354,600,0,1.0164226688,37,10,49
643,PDC_4_98,13,4,85,X,98,-366,600,0,1.0202727464999999,37,10,50
644,PDC_4_99,13,4,85,X,99,-378,600,0,1.03484385165,37,10,51
645,PDC_4_100,13,4,85,X,100,-390,600,0,1.0483182234,37,10,52
646,PDC_4_101,13,4,85,X,101,-402,600,0,1.02669951481,37,10,53
647,PDC_4_102,13,4,85,X,102,-414,600,0,1.0111794244,37,10,54
648,PDC_4_103,13,4,85,X,103,-426,600,0,1.0120545511999999,37,10,55
649,PDC_4_104,13,4,85,X,104,-438,600,0,1.01121743996,37,10,56
650,PDC_4_105,13,4,85,X,105,-450,600,0,0.9957524605800001,37,10,57
651,PDC_4_106,13,4,85,X,106,-462,600,0,0.9997640962400001,37,10,58
652,PDC_4_107,13,4,85,X,107,-474,600,0,0.971018595652,37,10,59
653,PDC_4_108,13,4,85,X,108,-486,600,0,0.99907252744,37,10,60
654,PDC_4_109,13,4,85,X,109,-498,600,0,1.0027568148000001,37,10,61
655,PDC_4_110,13,4,85,X,110,-510,600,0,0.990408608813,37,10,62
656,PDC_4_111,13,4,85,X,111,-522,600,0,0.9793535639959999,37,10,63
657,PDC_4_112,13,4,85,X,112,-534,600,0,0.964763215296,37,11,0
658,PDC_4_113,13,4,85,X,113,-546,600,0,0.969381,37,11,1
659,PDC_4_114,13,4,85,X,114,-558,600,0,0.965974065385,37,11,2
660,PDC_4_115,13,4,85,X,115,-570,600,0,0.9678313169319999,37,11,3
661,PDC_4_116,13,4,85,X,116,-582,600,0,0.96954854204,37,11,4
662,PDC_4_117,13,4,85,X,117,-594,600,0,0.9645812105599999,37,11,5
663,PDC_4_118,13,4,85,X,118,-606,600,0,0.945525136466,37,11,6
664,PDC_4_119,13,4,85,X,119,-618,600,0,0.948172566313,37,11,7
665,PDC_4_120,13,4,85,X,120,-630,600,0,0.90106,37,11,8
666,PDC_4_121,13,4,85,X,121,-642,600,0,0.940959,37,11,9
667,PDC_4_122,13,4,85,X,122,-654,600,0,1.03659,37,11,10
668,PDC_4_123,13,4,85,X,123,-666,600,0,0.910714,37,11,11
669,PDC_4_124,13,4,85,X,124,-678,600,0,0.876289,37,11,12
670,PDC_4_125,13,4,85,X,125,-690,600,0,0.87931,37,11,13
671,PDC_4_126,13,4,85,X,126,-702,600,0,1,37,11,14
672,PDC_4_127,13,4,85,X,127,-714,600,0,1,37,11,15
673,PDC_4_128,13,4,85,X,128,-726,600,0,1,37,11,16
674,PDC_4_129,13,4,85,X,129,-738,600,0,1,37,11,17
675,PDC_4_130,13,4,85,X,130,-750,600,0,1,37,11,18
676,PDC_4_131,13,4,85,X,131,-762,600,0,1,37,11,19
677,PDC_4_132,13,4,85,X,132,-774,600,0,1,37,11,20
678,PDC_4_133,13,4,85,X,133,-786,600,0,1,37,11,21
679,PDC_4_134,13,4,85,X,134,-798,600,0,1,37,11,22
680,PDC_4_135,13,4,85,X,135,-810,600,0,1,37,11,23
681,PDC_5_0,13,5,86,U,0,-798,616,0,1,37,11,32
682,PDC_5_1,13,5,86,U,1,-786,616,0,1,37,11,33
683,PDC_5_2,13,5,86,U,2,-774,616,0,1,37,11,34
684,PDC_5_3,13,5,86,U,3,-762,616,0,1,37,11,35
685,PDC_5_4,13,5,86,U,4,-750,616,0,1,37,11,36
686,PDC_5_5,13,5,86,U,5,-738,616,0,1,37,11,37
687,PDC_5_6,13,5,86,U,6,-726,616,0,1,37,11,38
688,PDC_5_7,13,5,86,U,7,-714,616,0,1,37,11,39
689,PDC_5_8,13,5,86,U,8,-702,616,0,1,37,11,40
690,PDC_5_9,13,5,86,U,9,-690,616,0,1,37,11,41
691,PDC_5_10,13,5,86,U,10,-678,616,0,1,37,11,42
692,PDC_5_11,13,5,86,U,11,-666,616,0,1,37,11,43
693,PDC_5_12,13,5,86,U,12,-654,616,0,1,37,11,44
694,PDC_5_13,13,5,86,U,13,-642,616,0,1.02513,37,11,45
695,PDC_5_14,13,5,86,U,14,-630,616,0,1.0089,37,11,46
696,PDC_5_15,13,5,86,U,15,-618,616,0,1,37,11,47
697,PDC_5_16,13,5,86,U,16,-606,616,0,1.04082,37,11,48
698,PDC_5_17,13,5,86,U,17,-594,616,0,1.06920610951,37,11,49
699,PDC_5_18,13,5,86,U,18,-582,616,0,1.0686073999999999,37,11,50
700,PDC_5_19,13,5,86,U,19,-570,616,0,1.0871337099999998,37,11,51
701,PDC_5_20,13,5,86,U,20,-558,616,0,1.0333290819999998,37,11,52
702,PDC_5_21,13,5,86,U,21,-546,616,0,1.00762906536,37,11,53
703,PDC_5_22,13,5,86,U,22,-534,616,0,1.003012768,37,11,54
704,PDC_5_23,13,5,86,U,23,-522,616,0,1.02041546965,37,11,55
705,PDC_5_24,13,5,86,U,24,-510,616,0,0.97167450961,37,11,56
706,PDC_5_25,13,5,86,U,25,-498,616,0,1.00158114717,37,11,57
707,PDC_5_26,13,5,86,U,26,-486,616,0,0.9998216173300001,37,11,58
708,PDC_5_27,13,5,86,U,27,-474,616,0,0.99471343237,37,11,59
709,PDC_5_28,13,5,86,U,28,-462,616,0,0.97732098792,37,11,60
710,PDC_5_29,13,5,86,U,29,-450,616,0,0.9717943094999999,37,11,61
711,PDC_5_30,13,5,86,U,30,-438,616,0,0.99840537205,37,11,62
712,PDC_5_31,13,5,86,U,31,-426,616,0,0.98344991545,37,11,63
713,PDC_5_32,13,5,86,U,32,-414,616,0,1.02604444845,37,12,0
714,PDC_5_33,13,5,86,U,33,-402,616,0,1.01489516185,37,12,1
715,PDC_5_34,13,5,86,U,34,-390,616,0,1.00988228397,37,12,2
716,PDC_5_35,13,5,86,U,35,-378,616,0,0.99990559506,37,12,3
717,PDC_5_36,13,5,86,U,36,-366,616,0,0.9990199044900001,37,12,4
718,PDC_5_37,13,5,86,U,37,-354,616,0,0.99269282606,37,12,5
719,PDC_5_38,13,5,86,U,38,-342,616,0,0.9756748820500001,37,12,6
720,PDC_5_39,13,5,86,U,39,-330,616,0,0.9916196242599999,37,12,7
721,PDC_5_40,13,5,86,U,40,-318,616,0,1.0007278069499999,37,12,8
722,PDC_5_41,13,5,86,U,41,-306,616,0,1.00569752226,37,12,9
723,PDC_5_42,13,5,86,U,42,-294,616,0,1.0280400174400002,37,12,16
724,PDC_5_43,13,5,86,U,43,-282,616,0,1.09957995634,37,12,17
725,PDC_5_44,13,5,86,U,44,-270,616,0,1.0511703037,37,12,18
726,PDC_5_45,13,5,86,U,45,-258,616,0,1.04527961692,37,12,19
727,PDC_5_46,13,5,86,U,46,-246,616,0,1.0453520183999998,37,12,20
728,PDC_5_47,13,5,86,U,47,-234,616,0,1.04862600047,37,12,21
729,PDC_5_48,13,5,86,U,48,-222,616,0,1.03658001041,37,12,22
730,PDC_5_49,13,5,86,U,49,-210,616,0,1.02975700518,37,12,23
731,PDC_5_50,13,5,86,U,50,-198,616,0,1.067375692,37,12,24
732,PDC_5_51,13,5,86,U,51,-186,616,0,1.0549367686800002,37,12,25
733,PDC_5_52,13,5,86,U,52,-174,616,0,1.0436114772,37,12,26
734,PDC_5_53,13,5,86,U,53,-162,616,0,1.074334731,37,12,27
735,PDC_5_54,13,5,86,U,54,-150,616,0,1.05014475768,37,12,28
736,PDC_5_55,13,5,86,U,55,-138,616,0,1.04346612888,37,12,29
737,PDC_5_56,13,5,86,U,56,-126,616,0,1.0363066475,37,12,30
738,PDC_5_57,13,5,86,U,57,-114,616,0,1.0334749535999999,37,12,31
739,PDC_5_58,13,5,86,U,58,-102,616,0,1.042782264,37,12,32
740,PDC_5_59,13,5,86,U,59,-90,616,0,1.04730071537,37,12,33
741,PDC_5_60,13,5,86,U,60,-78,616,0,1.0708835644999999,37,12,34
742,PDC_5_61,13,5,86,U,61,-66,616,0,1.0687862526999998,37,12,35
743,PDC_5_62,13,5,86,U,62,-54,616,0,1.03056832605,37,12,36
744,PDC_5_63,13,5,86,U,63,-42,616,0,1.047255471,37,12,37
745,PDC_5_64,13,5,86,U,64,-30,616,0,1.05106241,37,12,38
746,PDC_5_65,13,5,86,U,65,-18,616,0,1.04646077436,37,12,39
747,PDC_5_66,13,5,86,U,66,-6,616,0,1.0898877,37,12,40
748,PDC_5_67,13,5,86,U,67,6,616,0,1.0724829645,37,12,41
749,PDC_5_68,13,5,86,U,68,18,616,0,1.0716597342,37,12,42
750,PDC_5_69,13,5,86,U,69,30,616,0,1.0475648794799999,37,12,43
751,PDC_5_70,13,5,86,U,70,42,616,0,1.0510359323999998,37,12,44
752,PDC_5_71,13,5,86,U,71,54,616,0,1.06771723212,37,12,45
753,PDC_5_72,13,5,86,U,72,66,616,0,1.0525886334999999,37,12,46
754,PDC_5_73,13,5,86,U,73,78,616,0,1.056508488,37,12,47
755,PDC_5_74,13,5,86,U,74,90,616,0,1.04975768626,37,12,48
756,PDC_5_75,13,5,86,U,75,102,616,0,1.04496595343,37,12,49
757,PDC_5_76,13,5,86,U,76,114,616,0,1.06256925896,37,12,50
758,PDC_5_77,13,5,86,U,77,126,616,0,1.0470267046000001,37,12,51
759,PDC_5_78,13,5,86,U,78,138,616,0,1.0533560064,37,12,52
760,PDC_5_79,13,5,86,U,79,150,616,0,1.0441686106699999,37,12,53
761,PDC_5_80,13,5,86,U,80,162,616,0,1.0401409792,37,12,54
762,PDC_5_81,13,5,86,U,81,174,616,0,1.0382844384,37,12,55
763,PDC_5_82,13,5,86,U,82,186,616,0,1.07554865276,37,12,56
764,PDC_5_83,13,5,86,U,83,198,616,0,1.0948810180000002,37,12,57
765,PDC_5_84,13,5,86,U,84,210,616,0,1.0939067524000001,37,12,58
766,PDC_5_85,13,5,86,U,85,222,616,0,1.0835033399999998,37,12,59
767,PDC_5_86,13,5,86,U,86,234,616,0,1.0401910624000001,37,12,60
768,PDC_5_87,13,5,86,U,87,246,616,0,1.0170672678000001,37,12,61
769,PDC_5_88,13,5,86,U,88,258,616,0,1.02167376408,37,12,62
770,PDC_5_89,13,5,86,U,89,270,616,0,1.01586679527,37,12,63
771,PDC_5_90,13,5,86,U,90,282,616,0,1.0792036995,37,13,0
772,PDC_5_91,13,5,86,U,91,294,616,0,1.0836909216,37,13,1
773,PDC_5_92,13,5,86,U,92,306,616,0,1.07654402793,37,13,2
774,PDC_5_93,13,5,86,U,93,318,616,0,1.070645328,37,13,3
775,PDC_5_94,13,5,86,U,94,330,616,0,1.0426759706000002,37,13,4
776,PDC_5_95,13,5,86,U,95,342,616,0,1.04025713162,37,13,5
777,PDC_5_96,13,5,86,U,96,354,616,0,1.05595526996,37,13,6
778,PDC_5_97,13,5,86,U,97,366,616,0,1.0366852585200002,37,13,7
779,PDC_5_98,13,5,86,U,98,378,616,0,1.07684805025,37,13,8
780,PDC_5_99,13,5,86,U,99,390,616,0,1.0839372785999999,37,13,9
781,PDC_5_100,13,5,86,U,100,402,616,0,1.0775576075,37,13,10
782,PDC_5_101,13,5,86,U,101,414,616,0,1.0662416592,37,13,11
783,PDC_5_102,13,5,86,U,102,426,616,0,1.0294361658,37,13,12
784,PDC_5_103,13,5,86,U,103,438,616,0,1.0261102866,37,13,13
785,PDC_5_104,13,5,86,U,104,450,616,0,1.0256032302300002,37,13,14
786,PDC_5_105,13,5,86,U,105,462,616,0,1.02626549263,37,13,15
787,PDC_5_106,13,5,86,U,106,474,616,0,1.0469125754,37,13,16
788,PDC_5_107,13,5,86,U,107,486,616,0,1.04669750097,37,13,17
789,PDC_5_108,13,5,86,U,108,498,616,0,1.04511485338,37,13,18
790,PDC_5_109,13,5,86,U,109,510,616,0,1.0397604029999998,37,13,19
791,PDC_5_110,13,5,86,U,110,522,616,0,1.0473156628,37,13,20
792,PDC_5_111,13,5,86,U,111,534,616,0,1.059474272,37,13,21
793,PDC_5_112,13,5,86,U,112,546,616,0,1.0577281611000002,37,13,22
794,PDC_5_113,13,5,86,U,113,558,616,0,1.0673557576000001,37,13,23
795,PDC_5_114,13,5,86,U,114,570,616,0,1.05070667312,37,13,24
796,PDC_5_115,13,5,86,U,115,582,616,0,1.0585596100499999,37,13,25
797,PDC_5_116,13,5,86,U,116,594,616,0,1.0681822744,37,13,26
798,PDC_5_117,13,5,86,U,117,606,616,0,1.0598283979999998,37,13,27
799,PDC_5_118,13,5,86,U,118,618,616,0,1.050408309,37,13,28
800,PDC_5_119,13,5,86,U,119,630,616,0,1.04588798862,37,13,29
801,PDC_5_120,13,5,86,U,120,642,616,0,1.0243611590400001,37,13,30
802,PDC_5_121,13,5,86,U,121,654,616,0,1.0457339769,37,13,31
803,PDC_5_122,13,5,86,U,122,666,616,0,1.00642763298,37,13,32
804,PDC_5_123,13,5,86,U,123,678,616,0,1.0167757963,37,13,33
805,PDC_5_124,13,5,86,U,124,690,616,0,1.00073618964,37,13,34
806,PDC_5_125,13,5,86,U,125,702,616,0,0.98599730592,37,13,35
807,PDC_5_126,13,5,86,U,126,714,616,0,0.969546910156,37,13,36
808,PDC_5_127,13,5,86,U,127,726,616,0,0.9802586683200002,37,13,37
809,PDC_5_128,13,5,86,U,128,738,616,0,0.9888245776500001,37,13,38
810,PDC_5_129,13,5,86,U,129,750,616,0,0.98645368779,37,13,39
811,PDC_5_130,13,5,86,U,130,762,616,0,0.9967641499000001,37,13,40
812,PDC_5_131,13,5,86,U,131,774,616,0,0.9940736556000002,37,13,41
813,PDC_5_132,13,5,86,U,132,786,616,0,1.01733313616,37,13,42
814,PDC_5_133,13,5,86,U,133,798,616,0,1.0480621535999999,37,13,43
815,PDC_5_134,13,5,86,U,134,810,616,0,1.1201204163,37,13,44
816,PDC_5_135,13,5,86,U,135,822,616,0,1.10032,37,13,45
1001,PDC_D_001,13,5,100,X,0,0,0,0,1,37,5,10
1002,PDC_D_002,13,5,100,X,0,0,0,0,1,37,0,42
1003,PDC_D_003,13,5,100,X,0,0,0,0,1,37,11,24
1004,PDC_D_004,13,5,100,X,0,0,0,0,1,37,12,10
1005,PDC_D_005,13,5,100,X,0,0,0,0,1,37,7,42
1006,PDC_D_005,13,5,100,X,0,0,0,0,1,37,4,24
1007,PDC_D_005,13,5,100,X,0,0,0,0,1,37,13,46
1008,PDC_D_005,13,5,100,X,0,0,0,0,1,37,6,46
